43.4,2.329,q
58.2,3.409375,q
31.7,2.25,q
66.6,5.145,q
55.9,3.64,q
54.563637,3.8263333,q
63.632633,3.91125,q
128.50948,7.32,q
128.82,7.32,q
127.44592,7.2402,q
43.4,2.329,b
43.4,3.409375,b
58.2,2.329,b
58.2,3.409375,b
58.2,5.145,b
58.2,2.25,b
58.2,3.64,b
31.7,2.25,b
31.7,3.64,b
31.7,3.409375,b
31.7,5.145,b
66.6,3.409375,b
66.6,5.145,b
66.6,2.25,b
55.9,2.25,b
55.9,3.64,b
55.9,3.409375,b
171.7,5.145,b
171.7,3.91125,b
171.7,3.8263333,b
54.563637,3.8263333,b
54.563637,5.12,b
54.563637,3.91125,b
54.563637,7.32,b
63.632633,3.91125,b
63.632633,3.8263333,b
63.632633,5.12,b
136.02211,3.91125,b
136.02211,3.8263333,b
136.02211,7.32,b
128.50948,3.8263333,b
128.50948,7.32,b
128.50948,7.2402,b
128.82,7.32,b
128.82,7.2402,b
127.44592,7.32,b
127.44592,7.2402,b
/
39.2,2.246,q
59.9,3.181,q
25.366667,2.03,q
36.4,2.135,q
68.4,5.03,q
54.563637,3.8263333,q
63.632633,3.91125,q
128.50948,7.32,q
128.82,7.32,q
127.44592,7.2402,q
39.2,2.246,b
39.2,3.181,b
59.9,2.246,b
59.9,3.181,b
59.9,2.03,b
59.9,5.03,b
59.9,2.135,b
25.366667,2.03,b
25.366667,2.135,b
25.366667,3.181,b
36.4,2.03,b
36.4,2.135,b
36.4,3.181,b
36.4,5.03,b
68.4,3.181,b
68.4,5.03,b
68.4,2.135,b
172.37143,5.03,b
172.37143,3.91125,b
172.37143,3.8263333,b
54.563637,3.8263333,b
54.563637,5.12,b
54.563637,3.91125,b
54.563637,7.32,b
63.632633,3.91125,b
63.632633,3.8263333,b
63.632633,5.12,b
136.02211,3.91125,b
136.02211,3.8263333,b
136.02211,7.32,b
128.50948,3.8263333,b
128.50948,7.32,b
128.50948,7.2402,b
128.82,7.32,b
128.82,7.2402,b
127.44592,7.32,b
127.44592,7.2402,b
/
40.3,2.246,q
60.0,3.062,q
25.8,2.03,q
39.4,1.874,q
63.9,4.0,q
40.3,2.246,b
40.3,3.062,b
60.0,2.246,b
60.0,3.062,b
60.0,2.03,b
60.0,4.0,b
60.0,1.874,b
25.8,2.03,b
25.8,1.874,b
25.8,3.062,b
39.4,2.03,b
39.4,1.874,b
39.4,3.062,b
39.4,2.77,b
39.4,4.0,b
63.9,3.062,b
63.9,4.0,b
63.9,1.874,b
63.9,2.77,b
/
40.3,2.246,q
60.0,3.062,q
25.8,2.03,q
39.4,1.874,q
63.9,4.0,q
40.3,2.246,b
40.3,3.062,b
60.0,2.246,b
60.0,3.062,b
60.0,2.03,b
60.0,4.0,b
60.0,1.874,b
25.8,2.03,b
25.8,1.874,b
25.8,3.062,b
39.4,2.03,b
39.4,1.874,b
39.4,3.062,b
39.4,2.77,b
39.4,4.0,b
63.9,3.062,b
63.9,4.0,b
63.9,1.874,b
63.9,2.77,b
/
38.1,2.329,q
60.5,3.8572726,q
27.5,2.008,q
47.3,2.555,q
38.1,2.329,b
38.1,3.8572726,b
60.5,2.329,b
60.5,3.8572726,b
60.5,2.008,b
60.5,2.555,b
27.5,2.008,b
27.5,2.555,b
27.5,3.8572726,b
47.3,2.008,b
47.3,2.555,b
47.3,3.8572726,b
209.3,3.8572726,b
209.3,2.555,b
/
27.1,1.8,q
125.1,7.3623705,q
127.7,7.331792,q
126.9,7.298381,q
27.1,1.8,b
27.1,3.6,b
74.9,1.8,b
74.9,7.3623705,b
74.9,9.8,b
74.9,3.6,b
140.0,1.8,b
140.0,3.6,b
140.0,7.331792,b
140.0,7.3623705,b
125.1,7.3623705,b
125.1,7.298381,b
125.1,7.331792,b
127.7,7.331792,b
127.7,7.3623705,b
127.7,7.298381,b
126.9,7.3623705,b
126.9,7.298381,b
126.9,7.331792,b
176.3,1.8,b
176.3,3.6,b
176.3,9.8,b
/
126.995316,7.15,q
128.7093,7.34375,q
129.44884,7.31375,q
43.0,4.1351304,q
126.995316,7.15,b
126.995316,7.31375,b
126.995316,7.34375,b
128.7093,7.34375,b
128.7093,7.15,b
128.7093,7.31375,b
129.44884,7.15,b
129.44884,7.31375,b
129.44884,7.34375,b
129.44884,4.1351304,b
131.98808,7.34375,b
131.98808,7.31375,b
131.98808,4.1351304,b
43.0,7.31375,b
43.0,4.1351304,b
192.0,4.1351304,b
192.0,10.02,b
160.2,4.1351304,b
160.2,10.02,b
/
39.2,2.246,q
59.9,3.181,q
25.366667,2.03,q
36.4,2.135,q
68.4,5.03,q
54.563637,3.8263333,q
63.632633,3.91125,q
128.50948,7.32,q
128.82,7.32,q
127.44592,7.2402,q
39.2,2.246,b
39.2,3.181,b
59.9,2.246,b
59.9,3.181,b
59.9,2.03,b
59.9,5.03,b
59.9,2.135,b
25.366667,2.03,b
25.366667,2.135,b
25.366667,3.181,b
36.4,2.03,b
36.4,2.135,b
36.4,3.181,b
36.4,5.03,b
68.4,3.181,b
68.4,5.03,b
68.4,2.135,b
172.37143,5.03,b
172.37143,3.91125,b
172.37143,3.8263333,b
54.563637,3.8263333,b
54.563637,5.12,b
54.563637,3.91125,b
54.563637,7.32,b
63.632633,3.91125,b
63.632633,3.8263333,b
63.632633,5.12,b
136.02211,3.91125,b
136.02211,3.8263333,b
136.02211,7.32,b
128.50948,3.8263333,b
128.50948,7.32,b
128.50948,7.2402,b
128.82,7.32,b
128.82,7.2402,b
127.44592,7.32,b
127.44592,7.2402,b
/
29.711643,1.8402979,q
34.032085,2.1,q
72.8,4.528926,q
70.564445,4.2011666,q
36.077724,2.1971734,q
55.865807,3.6375,q
29.711643,1.8402979,b
29.711643,2.1,b
29.711643,2.1971734,b
29.711643,7.971296,b
29.711643,3.6375,b
34.032085,2.1,b
34.032085,3.6375,b
34.032085,1.8402979,b
34.032085,4.528926,b
34.032085,7.971296,b
34.032085,6.0719514,b
92.25704,1.8402979,b
92.25704,2.1,b
92.25704,4.2011666,b
92.25704,4.029682,b
92.25704,4.528926,b
92.25704,3.6375,b
92.25704,7.971296,b
92.25704,6.0719514,b
72.8,2.1,b
72.8,4.528926,b
72.8,7.971296,b
72.8,6.0719514,b
72.8,2.1971734,b
72.8,4.135227,b
72.8,4.2011666,b
72.8,4.029682,b
70.564445,4.2011666,b
70.564445,4.029682,b
70.564445,4.528926,b
70.564445,3.6375,b
70.564445,2.1971734,b
70.564445,4.135227,b
36.077724,4.528926,b
36.077724,2.1971734,b
36.077724,4.135227,b
36.077724,4.2011666,b
36.077724,1.8402979,b
36.077724,7.971296,b
36.077724,3.6375,b
55.865807,4.2011666,b
55.865807,3.6375,b
55.865807,2.1971734,b
55.865807,2.1,b
55.865807,1.8402979,b
55.865807,7.971296,b
/
29.711643,1.8402979,q
34.032085,2.1,q
72.8,4.528926,q
74.95932,3.9145544,q
75.284805,4.0742855,q
58.36753,3.7,q
29.711643,1.8402979,b
29.711643,2.1,b
29.711643,4.0742855,b
29.711643,7.971296,b
29.711643,3.7,b
34.032085,2.1,b
34.032085,3.7,b
34.032085,1.8402979,b
34.032085,4.528926,b
34.032085,7.971296,b
34.032085,6.0719514,b
92.25704,1.8402979,b
92.25704,2.1,b
92.25704,3.9145544,b
92.25704,4.029682,b
92.25704,4.528926,b
92.25704,3.7,b
92.25704,7.971296,b
92.25704,6.0719514,b
72.8,2.1,b
72.8,4.528926,b
72.8,7.971296,b
72.8,6.0719514,b
72.8,4.0742855,b
72.8,3.6875556,b
72.8,3.9145544,b
72.8,4.029682,b
74.95932,3.9145544,b
74.95932,4.029682,b
74.95932,4.528926,b
74.95932,3.7,b
74.95932,3.689091,b
74.95932,4.0742855,b
74.95932,3.6875556,b
75.284805,4.528926,b
75.284805,4.0742855,b
75.284805,3.6875556,b
75.284805,3.9145544,b
75.284805,1.8402979,b
75.284805,7.971296,b
75.284805,3.7,b
75.284805,3.689091,b
58.36753,3.9145544,b
58.36753,3.7,b
58.36753,3.689091,b
58.36753,4.0742855,b
58.36753,2.1,b
58.36753,1.8402979,b
58.36753,7.971296,b
/
41.2,2.73,q
65.5,2.8,q
33.7,1.9,q
66.88571,4.82,q
29.87143,2.25,q
63.830482,2.8,q
75.1,4.5,q
34.7,1.9,q
54.477894,3.8263333,q
63.632633,3.91125,q
128.50948,7.32,q
128.82,7.32,q
127.44592,7.2402,q
41.2,2.73,b
41.2,2.8,b
65.5,2.73,b
65.5,2.8,b
65.5,4.82,b
65.5,1.9,b
65.5,4.5,b
33.7,1.9,b
33.7,2.8,b
33.7,2.25,b
33.7,4.82,b
66.88571,2.8,b
66.88571,4.82,b
66.88571,1.9,b
66.88571,2.25,b
29.87143,1.9,b
29.87143,2.25,b
29.87143,4.82,b
29.87143,4.5,b
29.87143,2.8,b
63.830482,4.82,b
63.830482,2.8,b
63.830482,2.25,b
63.830482,2.73,b
63.830482,1.9,b
63.830482,3.85,b
63.830482,4.5,b
75.1,2.25,b
75.1,4.5,b
75.1,2.8,b
75.1,1.9,b
75.1,3.85,b
34.7,2.8,b
34.7,1.9,b
34.7,3.85,b
34.7,4.5,b
172.25684,4.82,b
172.25684,3.91125,b
172.25684,3.8263333,b
54.477894,3.8263333,b
54.477894,5.12,b
54.477894,3.91125,b
54.477894,7.32,b
63.632633,3.91125,b
63.632633,3.8263333,b
63.632633,5.12,b
136.02211,3.91125,b
136.02211,3.8263333,b
136.02211,7.32,b
128.50948,3.8263333,b
128.50948,7.32,b
128.50948,7.2402,b
128.82,7.32,b
128.82,7.2402,b
127.44592,7.32,b
127.44592,7.2402,b
/
41.25,2.23,q
63.5,3.3,q
25.4,1.92,q
25.066668,1.955,q
65.55,3.57,q
53.55,3.45,q
66.75,5.25,q
35.3,2.16,q
130.375,8.034297,q
128.88013,7.4620795,q
134.45,7.5674925,q
41.25,2.23,b
41.25,3.3,b
41.25,3.57,b
63.5,2.23,b
63.5,3.3,b
63.5,3.57,b
63.5,1.955,b
63.5,1.92,b
63.5,5.25,b
63.5,2.16,b
25.4,1.92,b
25.4,2.16,b
25.4,3.3,b
25.4,3.57,b
25.4,1.955,b
25.066668,3.3,b
25.066668,1.955,b
25.066668,1.92,b
25.066668,3.45,b
25.066668,3.57,b
65.55,1.92,b
65.55,3.57,b
65.55,1.955,b
65.55,2.23,b
65.55,3.3,b
65.55,5.25,b
65.55,3.45,b
53.55,1.955,b
53.55,3.45,b
53.55,3.57,b
53.55,2.16,b
53.55,5.25,b
53.55,11.515952,b
66.75,3.57,b
66.75,5.25,b
66.75,3.45,b
66.75,3.3,b
66.75,2.16,b
35.3,3.45,b
35.3,2.16,b
35.3,5.25,b
35.3,1.92,b
35.3,3.3,b
167.6,5.25,b
167.6,8.034297,b
130.5,7.4620795,b
130.5,8.034297,b
130.375,8.034297,b
130.375,7.5674925,b
130.375,7.4620795,b
128.88013,7.4620795,b
128.88013,8.034297,b
128.88013,7.5674925,b
134.45,8.034297,b
134.45,7.5674925,b
134.45,7.4620795,b
178.18228,3.57,b
178.18228,5.25,b
178.18228,3.45,b
178.18228,11.515952,b
/
14.10105,1.2283175,q
61.14458,4.1426063,q
49.35,2.855,q
65.55,3.57,q
25.066668,1.955,q
25.7,1.92,q
63.5,3.3,q
41.25,2.23,q
35.3,2.16,q
66.75,5.25,q
130.375,8.034297,q
128.88013,7.4620795,q
134.45,7.5674925,q
14.10105,1.2283175,b
14.10105,4.1426063,b
61.14458,4.1426063,b
61.14458,1.2283175,b
169.3,4.1426063,b
169.3,3.57,b
169.3,5.25,b
169.3,2.855,b
49.35,2.855,b
49.35,1.955,b
49.35,3.57,b
49.35,2.16,b
49.35,5.25,b
65.55,3.57,b
65.55,5.25,b
65.55,2.855,b
65.55,1.92,b
65.55,1.955,b
65.55,3.3,b
65.55,2.23,b
25.066668,2.855,b
25.066668,1.955,b
25.066668,3.57,b
25.066668,3.3,b
25.066668,1.92,b
25.7,3.57,b
25.7,1.92,b
25.7,1.955,b
25.7,2.16,b
25.7,3.3,b
63.5,1.955,b
63.5,3.3,b
63.5,1.92,b
63.5,3.57,b
63.5,2.23,b
63.5,5.25,b
63.5,2.16,b
41.25,3.3,b
41.25,3.57,b
41.25,2.23,b
35.3,1.92,b
35.3,2.16,b
35.3,3.3,b
35.3,2.855,b
35.3,5.25,b
66.75,3.3,b
66.75,5.25,b
66.75,2.16,b
66.75,3.57,b
66.75,2.855,b
167.6,5.25,b
167.6,8.034297,b
130.5,7.4620795,b
130.5,8.034297,b
130.375,8.034297,b
130.375,7.5674925,b
130.375,7.4620795,b
128.88013,7.4620795,b
128.88013,8.034297,b
128.88013,7.5674925,b
134.45,8.034297,b
134.45,7.5674925,b
134.45,7.4620795,b
/
41.25,2.23,q
63.5,3.3,q
25.7,1.92,q
25.25,1.955,q
65.55,3.57,q
49.35,3.03,q
66.75,5.25,q
35.3,2.16,q
130.375,8.034297,q
128.88013,7.4620795,q
134.45,7.5674925,q
52.666668,3.595,q
41.25,2.23,b
41.25,3.3,b
41.25,3.57,b
63.5,2.23,b
63.5,3.3,b
63.5,3.57,b
63.5,1.955,b
63.5,1.92,b
63.5,5.25,b
63.5,2.16,b
25.7,1.92,b
25.7,2.16,b
25.7,3.3,b
25.7,3.57,b
25.7,1.955,b
25.25,3.3,b
25.25,1.955,b
25.25,1.92,b
25.25,3.03,b
25.25,3.57,b
65.55,1.92,b
65.55,3.57,b
65.55,1.955,b
65.55,2.23,b
65.55,3.3,b
65.55,5.25,b
65.55,3.03,b
49.35,1.955,b
49.35,3.03,b
49.35,3.57,b
49.35,2.16,b
49.35,5.25,b
66.75,3.57,b
66.75,5.25,b
66.75,3.03,b
66.75,3.3,b
66.75,2.16,b
35.3,3.03,b
35.3,2.16,b
35.3,5.25,b
35.3,1.92,b
35.3,3.3,b
167.6,5.25,b
167.6,8.034297,b
130.5,7.4620795,b
130.5,8.034297,b
130.375,8.034297,b
130.375,7.5674925,b
130.375,7.4620795,b
128.88013,7.4620795,b
128.88013,8.034297,b
128.88013,7.5674925,b
134.45,8.034297,b
134.45,7.5674925,b
134.45,7.4620795,b
173.05,3.57,b
173.05,5.25,b
173.05,3.03,b
173.05,3.595,b
52.666668,3.595,b
/
131.11067,7.3587,q
129.08235,7.47,q
126.07333,7.9945,q
107.3,6.6,q
125.0,7.826611,q
125.454544,6.957375,q
134.0,7.2199483,q
118.05,6.9502234,q
131.11067,7.3587,b
131.11067,7.9945,b
131.11067,7.47,b
129.08235,7.47,b
129.08235,7.3587,b
129.08235,7.9945,b
126.07333,7.3587,b
126.07333,7.9945,b
126.07333,7.47,b
131.5,7.47,b
131.5,7.9945,b
131.5,6.6,b
163.0,7.9945,b
163.0,6.6,b
107.3,6.6,b
178.0,6.6,b
178.0,7.826611,b
123.55,6.6,b
123.55,6.957375,b
123.55,7.826611,b
123.55,6.9502234,b
125.0,7.826611,b
125.0,7.2199483,b
125.0,6.957375,b
125.454544,6.957375,b
125.454544,7.826611,b
125.454544,6.9502234,b
125.454544,7.2199483,b
134.0,7.826611,b
134.0,7.2199483,b
134.0,6.957375,b
134.0,6.9502234,b
118.05,6.957375,b
118.05,6.9502234,b
118.05,7.2199483,b
156.0,7.2199483,b
156.0,6.9502234,b
156.0,7.826611,b
/
40.3,2.246,q
60.0,3.062,q
25.8,2.03,q
39.4,1.874,q
63.9,4.0,q
40.3,2.246,b
40.3,3.062,b
60.0,2.246,b
60.0,3.062,b
60.0,2.03,b
60.0,4.0,b
60.0,1.874,b
25.8,2.03,b
25.8,1.874,b
25.8,3.062,b
39.4,2.03,b
39.4,1.874,b
39.4,3.062,b
39.4,2.77,b
39.4,4.0,b
63.9,3.062,b
63.9,4.0,b
63.9,1.874,b
63.9,2.77,b
/
55.1,3.8376896,q
101.41037,7.1893334,q
120.44741,7.459,q
147.51161,8.5394,q
130.9837,7.874,q
119.12444,7.245,q
71.66421,5.526,q
59.95913,3.0918,q
21.460741,1.5848334,q
27.767826,1.7525,q
26.062222,1.578,q
44.84815,2.906375,q
54.75037,2.972875,q
39.504444,2.2225,q
140.80815,5.9188,q
114.69704,5.0277777,q
55.1,3.8376896,b
157.43704,3.8376896,b
157.43704,7.1893334,b
157.43704,7.874,b
157.43704,7.245,b
101.41037,7.1893334,b
101.41037,7.245,b
126.298515,7.1893334,b
126.298515,7.459,b
126.298515,5.526,b
126.298515,7.874,b
148.0158,7.1893334,b
148.0158,8.5394,b
148.0158,7.459,b
148.0158,3.0918,b
148.0158,5.766667,b
148.0158,5.526,b
120.44741,7.459,b
120.44741,5.526,b
120.44741,8.5394,b
147.51161,8.5394,b
147.51161,7.459,b
143.73186,8.5394,b
143.73186,7.1893334,b
143.73186,7.245,b
143.73186,7.874,b
130.9837,7.874,b
130.9837,7.245,b
119.12444,7.245,b
119.12444,7.874,b
119.12444,7.1893334,b
71.66421,7.459,b
71.66421,5.526,b
71.66421,1.5848334,b
71.66421,3.0918,b
71.66421,5.766667,b
59.95913,3.0918,b
59.95913,5.766667,b
59.95913,5.526,b
59.95913,1.7525,b
59.95913,1.5848334,b
59.95913,2.906375,b
59.95913,2.972875,b
21.460741,5.526,b
21.460741,1.5848334,b
21.460741,3.0918,b
21.460741,1.578,b
21.460741,2.2225,b
21.460741,1.7525,b
27.767826,3.0918,b
27.767826,1.7525,b
27.767826,1.5848334,b
27.767826,2.906375,b
27.767826,1.578,b
27.767826,2.972875,b
27.767826,5.9188,b
27.767826,2.2225,b
26.062222,1.5848334,b
26.062222,1.578,b
26.062222,2.2225,b
26.062222,1.7525,b
26.062222,2.906375,b
44.84815,1.7525,b
44.84815,2.906375,b
44.84815,1.578,b
44.84815,3.0918,b
44.84815,2.972875,b
54.75037,2.906375,b
54.75037,3.0918,b
54.75037,2.972875,b
54.75037,1.7525,b
54.75037,5.9188,b
54.75037,2.2225,b
39.504444,2.2225,b
39.504444,2.972875,b
39.504444,1.5848334,b
39.504444,1.578,b
39.504444,1.7525,b
39.504444,5.0277777,b
39.504444,5.9188,b
140.80815,2.972875,b
140.80815,1.7525,b
140.80815,5.9188,b
140.80815,2.2225,b
140.80815,5.0277777,b
114.69704,2.2225,b
114.69704,5.0277777,b
114.69704,5.9188,b
/
20.03,2.43,q
110.5,6.25,q
61.79,4.01,q
145.6,8.06,q
105.2,7.08,q
61.4,4.0255556,q
20.03,2.43,b
20.03,6.25,b
164.0,2.43,b
164.0,6.25,b
110.5,2.43,b
110.5,6.25,b
178.1,6.25,b
113.6,6.25,b
148.7,7.08,b
148.7,4.0255556,b
119.3,8.06,b
119.3,7.08,b
147.0,7.08,b
147.0,8.06,b
129.8,4.01,b
61.79,4.01,b
145.6,8.06,b
145.6,7.08,b
105.2,7.08,b
105.2,8.06,b
61.4,4.0255556,b
/
15.0,2.2063334,q
137.8,7.073,q
119.3,7.4256296,q
131.4,7.989,q
196.7,10.508,q
15.0,2.2063334,b
15.0,7.073,b
126.8,2.2063334,b
126.8,7.4256296,b
126.8,7.073,b
126.8,12.220926,b
137.8,2.2063334,b
137.8,7.073,b
137.8,7.989,b
137.8,7.4256296,b
119.3,7.4256296,b
119.3,7.073,b
119.3,7.989,b
131.4,7.073,b
131.4,7.989,b
131.4,7.4256296,b
131.4,10.508,b
120.0,7.4256296,b
120.0,7.989,b
120.0,12.220926,b
120.0,10.508,b
159.9,7.989,b
159.9,10.508,b
159.9,2.2063334,b
159.9,7.073,b
159.9,12.220926,b
196.7,7.989,b
196.7,10.508,b
/
12.816667,1.9956522,q
134.43546,6.309,q
130.97728,6.6757145,q
138.43889,6.41375,q
126.009094,6.66,q
130.98181,6.1761537,q
12.4,1.9730769,q
137.3,6.165,q
127.38,6.1841664,q
21.357895,1.6991667,q
32.753334,2.04,q
18.66842,1.635,q
39.326668,1.4816667,q
28.68421,1.0366666,q
12.816667,1.9956522,b
12.816667,6.309,b
12.816667,6.41375,b
137.1309,1.9956522,b
137.1309,6.6757145,b
137.1309,6.309,b
137.1309,6.66,b
137.1309,6.41375,b
134.43546,1.9956522,b
134.43546,6.309,b
134.43546,6.41375,b
134.43546,6.6757145,b
130.97728,6.6757145,b
130.97728,6.309,b
138.43889,6.309,b
138.43889,1.9956522,b
138.43889,6.41375,b
138.43889,6.1761537,b
138.43889,6.66,b
126.009094,6.66,b
126.009094,6.41375,b
126.009094,6.1761537,b
130.98181,6.41375,b
130.98181,6.1761537,b
130.98181,6.66,b
130.98181,1.9730769,b
130.98181,6.165,b
137.1579,6.66,b
137.1579,6.1761537,b
137.1579,1.9730769,b
137.1579,6.1841664,b
137.1579,6.165,b
12.4,6.1761537,b
12.4,1.9730769,b
12.4,6.165,b
137.3,6.1761537,b
137.3,1.9730769,b
137.3,6.165,b
137.3,6.1841664,b
127.38,6.1841664,b
127.38,6.165,b
137.52667,6.165,b
137.52667,6.1841664,b
137.52667,1.6991667,b
137.52667,2.04,b
137.52667,1.4816667,b
137.52667,1.0366666,b
130.09474,6.1841664,b
130.09474,1.6991667,b
130.09474,1.635,b
130.09474,2.04,b
21.357895,1.6991667,b
21.357895,2.04,b
32.753334,1.6991667,b
32.753334,2.04,b
32.753334,1.4816667,b
32.753334,1.635,b
18.66842,1.635,b
18.66842,2.04,b
18.66842,1.4816667,b
39.326668,2.04,b
39.326668,1.4816667,b
39.326668,1.635,b
39.326668,1.0366666,b
33.926666,1.635,b
33.926666,1.4816667,b
33.926666,6.1841664,b
33.926666,1.0366666,b
28.68421,1.4816667,b
28.68421,1.0366666,b
/
23.1,0.7859,q
28.552195,1.518125,q
40.07268,1.13,q
24.455122,1.215,q
36.76829,1.15,q
36.302925,1.1325,q
19.18244,0.9402,q
56.59046,1.055,q
26.257275,1.4806061,q
24.7,1.5781813,q
47.69081,2.9354074,q
39.258812,1.383,q
23.07,1.55,q
33.512,1.65,q
121.75,5.85,q
131.12784,6.5575,q
32.48428,2.602,q
71.22467,3.7134,q
30.545254,1.8072066,q
32.3,2.9709375,q
110.18889,5.14,q
11.941428,0.56,q
23.1,0.7859,b
23.1,1.13,b
23.1,1.518125,b
28.552195,1.518125,b
28.552195,0.7859,b
28.552195,1.215,b
28.552195,1.13,b
40.07268,0.7859,b
40.07268,1.13,b
40.07268,1.518125,b
40.07268,1.15,b
40.07268,1.215,b
24.455122,1.518125,b
24.455122,1.215,b
24.455122,1.13,b
24.455122,1.1325,b
24.455122,1.15,b
36.76829,1.13,b
36.76829,1.15,b
36.76829,1.215,b
36.76829,0.9402,b
36.76829,1.055,b
36.76829,1.1325,b
36.302925,1.215,b
36.302925,1.1325,b
36.302925,1.15,b
36.302925,0.9402,b
36.302925,1.4806061,b
36.302925,1.055,b
19.18244,1.15,b
19.18244,0.9402,b
19.18244,1.055,b
19.18244,1.1325,b
56.59046,1.15,b
56.59046,0.9402,b
56.59046,1.055,b
56.59046,1.1325,b
56.59046,1.5781813,b
56.59046,1.4806061,b
56.59046,2.9354074,b
56.59046,1.383,b
56.59046,0.56,b
26.257275,1.1325,b
26.257275,1.4806061,b
26.257275,1.055,b
26.257275,2.9354074,b
26.257275,1.5781813,b
24.7,1.055,b
24.7,1.5781813,b
24.7,1.4806061,b
24.7,2.9354074,b
47.69081,1.4806061,b
47.69081,2.9354074,b
47.69081,1.5781813,b
47.69081,1.055,b
47.69081,1.383,b
47.69081,0.56,b
47.69081,1.65,b
47.69081,5.85,b
44.23,1.5781813,b
44.23,2.9354074,b
44.23,1.1325,b
44.23,1.4806061,b
44.23,1.055,b
44.23,1.55,b
44.23,1.383,b
44.23,0.56,b
39.258812,2.9354074,b
39.258812,1.055,b
39.258812,1.383,b
39.258812,0.56,b
39.258812,1.65,b
39.258812,1.55,b
23.07,1.55,b
23.07,1.383,b
23.07,1.65,b
33.512,1.383,b
33.512,1.65,b
33.512,1.55,b
33.512,2.9354074,b
33.512,5.85,b
146.07657,1.55,b
146.07657,1.65,b
146.07657,1.5781813,b
146.07657,2.9354074,b
146.07657,6.5575,b
146.07657,5.85,b
121.75,1.65,b
121.75,2.9354074,b
121.75,5.85,b
121.75,6.5575,b
131.12784,6.5575,b
131.12784,5.85,b
131.12784,2.602,b
150.853,5.85,b
150.853,6.5575,b
150.853,3.7134,b
150.853,2.602,b
150.853,2.9709375,b
150.853,5.14,b
32.48428,6.5575,b
32.48428,2.602,b
32.48428,1.8072066,b
32.48428,3.4487097,b
32.48428,3.7134,b
71.22467,3.7134,b
71.22467,2.602,b
71.22467,2.9709375,b
71.22467,1.8072066,b
71.22467,3.4487097,b
30.545254,2.602,b
30.545254,1.8072066,b
30.545254,3.4487097,b
30.545254,3.7134,b
30.545254,2.9709375,b
32.3,3.7134,b
32.3,2.9709375,b
32.3,1.8072066,b
32.3,5.14,b
146.03334,1.8072066,b
146.03334,2.9709375,b
146.03334,6.5575,b
146.03334,2.602,b
146.03334,5.14,b
110.18889,2.9709375,b
110.18889,5.14,b
11.941428,2.9354074,b
11.941428,1.055,b
11.941428,1.383,b
11.941428,0.56,b
/
23.877575,1.2505,q
33.9,2.9165,q
126.3,7.1510553,q
127.2,7.4024167,q
64.75,4.7005715,q
23.877575,1.2505,b
23.877575,2.9165,b
33.9,2.9165,b
33.9,1.2505,b
33.9,7.1510553,b
148.2,1.2505,b
148.2,2.9165,b
148.2,7.4024167,b
148.2,7.1510553,b
126.3,2.9165,b
126.3,7.1510553,b
126.3,7.4024167,b
127.2,7.4024167,b
127.2,7.1510553,b
127.2,4.7005715,b
138.4,7.1510553,b
138.4,7.4024167,b
138.4,2.7142856,b
138.4,4.7005715,b
64.75,7.4024167,b
64.75,4.7005715,b
64.75,2.7142856,b
/
42.386665,2.5416667,q
64.7,4.385,q
40.4,3.6583333,q
130.47,7.03,q
114.905,6.689,q
110.33483,6.636471,q
56.089813,3.8966668,q
114.59896,6.626,q
24.2,2.8475,q
46.9,2.7783334,q
42.386665,2.5416667,b
42.386665,4.385,b
42.386665,2.7783334,b
64.7,2.5416667,b
64.7,4.385,b
64.7,2.7783334,b
64.7,3.6583333,b
64.7,6.636471,b
40.4,3.6583333,b
40.4,4.385,b
40.4,7.03,b
131.435,4.385,b
131.435,3.6583333,b
131.435,6.689,b
131.435,7.03,b
130.47,3.6583333,b
130.47,7.03,b
130.47,6.689,b
114.905,6.689,b
114.905,7.03,b
114.905,3.35,b
156.27094,7.03,b
156.27094,6.689,b
156.27094,3.35,b
129.885,3.6583333,b
129.885,4.385,b
129.885,6.636471,b
129.885,6.626,b
129.885,2.8475,b
110.33483,4.385,b
110.33483,6.636471,b
147.68219,6.636471,b
147.68219,3.8966668,b
147.68219,5.959565,b
147.68219,6.626,b
56.089813,3.8966668,b
145.63637,6.636471,b
145.63637,5.959565,b
145.63637,6.626,b
114.59896,5.959565,b
114.59896,6.626,b
114.59896,2.8475,b
124.05,6.626,b
124.05,4.385,b
124.05,6.636471,b
124.05,2.7783334,b
124.05,2.8475,b
24.2,6.626,b
24.2,2.8475,b
24.2,2.7783334,b
46.9,2.7783334,b
46.9,2.8475,b
46.9,2.5416667,b
46.9,4.385,b
/
42.386665,2.5416667,q
64.0,4.385,q
39.7,3.6583333,q
130.47,7.03,q
114.905,6.689,q
114.4,6.69,q
114.9,6.626,q
24.2,2.8475,q
46.9,2.7783334,q
42.386665,2.5416667,b
42.386665,4.385,b
42.386665,2.7783334,b
64.0,2.5416667,b
64.0,4.385,b
64.0,2.7783334,b
64.0,3.6583333,b
64.0,6.69,b
39.7,3.6583333,b
39.7,4.385,b
39.7,7.03,b
131.435,4.385,b
131.435,3.6583333,b
131.435,6.689,b
131.435,7.03,b
130.47,3.6583333,b
130.47,7.03,b
130.47,6.689,b
114.905,6.689,b
114.905,7.03,b
114.905,3.35,b
156.27094,7.03,b
156.27094,6.689,b
156.27094,3.35,b
128.1,3.6583333,b
128.1,4.385,b
128.1,6.69,b
128.1,6.626,b
128.1,2.8475,b
114.4,4.385,b
114.4,6.69,b
114.4,8.672857,b
142.9,6.69,b
142.9,8.672857,b
142.9,8.46,b
142.9,6.626,b
143.55,6.69,b
143.55,8.672857,b
143.55,8.46,b
143.55,6.626,b
114.9,8.46,b
114.9,6.626,b
114.9,2.8475,b
124.4,6.626,b
124.4,4.385,b
124.4,6.69,b
124.4,2.7783334,b
124.4,2.8475,b
24.2,6.626,b
24.2,2.8475,b
24.2,2.7783334,b
46.9,2.7783334,b
46.9,2.8475,b
46.9,2.5416667,b
46.9,4.385,b
/
42.386665,2.5416667,q
64.7,4.385,q
39.1,3.6583333,q
130.92,6.95,q
113.66,6.802,q
54.67,3.74,q
110.33483,6.636471,q
56.089813,3.8966668,q
114.59896,6.626,q
24.2,2.8475,q
46.9,2.7783334,q
42.386665,2.5416667,b
42.386665,4.385,b
42.386665,2.7783334,b
64.7,2.5416667,b
64.7,4.385,b
64.7,2.7783334,b
64.7,3.6583333,b
64.7,6.636471,b
39.1,3.6583333,b
39.1,4.385,b
39.1,6.95,b
134.0,4.385,b
134.0,3.6583333,b
134.0,6.802,b
134.0,6.95,b
130.92,3.6583333,b
130.92,6.95,b
130.92,6.802,b
113.66,6.802,b
113.66,6.95,b
158.07,6.95,b
158.07,6.802,b
158.07,3.74,b
54.67,3.74,b
129.885,3.6583333,b
129.885,4.385,b
129.885,6.636471,b
129.885,6.626,b
129.885,2.8475,b
110.33483,4.385,b
110.33483,6.636471,b
147.68219,6.636471,b
147.68219,3.8966668,b
147.68219,5.959565,b
147.68219,6.626,b
56.089813,3.8966668,b
145.63637,6.636471,b
145.63637,5.959565,b
145.63637,6.626,b
114.59896,5.959565,b
114.59896,6.626,b
114.59896,2.8475,b
124.05,6.626,b
124.05,4.385,b
124.05,6.636471,b
124.05,2.7783334,b
124.05,2.8475,b
24.2,6.626,b
24.2,2.8475,b
24.2,2.7783334,b
46.9,2.7783334,b
46.9,2.8475,b
46.9,2.5416667,b
46.9,4.385,b
/
42.386665,2.5416667,q
64.0,4.385,q
39.733334,3.6583333,q
130.92,6.95,q
113.66,6.802,q
54.67,3.74,q
114.4,6.69,q
114.9,6.626,q
24.2,2.8475,q
46.9,2.7783334,q
42.386665,2.5416667,b
42.386665,4.385,b
42.386665,2.7783334,b
64.0,2.5416667,b
64.0,4.385,b
64.0,2.7783334,b
64.0,3.6583333,b
64.0,6.69,b
39.733334,3.6583333,b
39.733334,4.385,b
39.733334,6.95,b
134.0,4.385,b
134.0,3.6583333,b
134.0,6.802,b
134.0,6.95,b
130.92,3.6583333,b
130.92,6.95,b
130.92,6.802,b
113.66,6.802,b
113.66,6.95,b
158.07,6.95,b
158.07,6.802,b
158.07,3.74,b
54.67,3.74,b
128.1,3.6583333,b
128.1,4.385,b
128.1,6.69,b
128.1,6.626,b
128.1,2.8475,b
114.4,4.385,b
114.4,6.69,b
114.4,8.672857,b
142.9,6.69,b
142.9,8.672857,b
142.9,8.46,b
142.9,6.626,b
143.55,6.69,b
143.55,8.672857,b
143.55,8.46,b
143.55,6.626,b
114.9,8.46,b
114.9,6.626,b
114.9,2.8475,b
124.4,6.626,b
124.4,4.385,b
124.4,6.69,b
124.4,2.7783334,b
124.4,2.8475,b
24.2,6.626,b
24.2,2.8475,b
24.2,2.7783334,b
46.9,2.7783334,b
46.9,2.8475,b
46.9,2.5416667,b
46.9,4.385,b
/
111.0,6.69,q
57.8,4.13,q
41.7,3.005,q
131.3,7.07,q
116.6,6.689,q
40.725,3.075,q
23.4,2.78,q
111.0,6.626,q
147.9,8.46,b
147.9,8.672857,b
147.9,6.69,b
147.9,6.626,b
146.6,8.46,b
146.6,6.626,b
146.6,8.672857,b
146.6,6.69,b
111.0,8.672857,b
111.0,6.69,b
111.0,4.13,b
128.5,6.69,b
128.5,3.005,b
128.5,2.86,b
128.5,4.13,b
128.5,2.78,b
128.5,6.626,b
57.8,6.69,b
57.8,4.13,b
57.8,3.005,b
57.8,3.075,b
57.8,2.86,b
41.7,3.005,b
41.7,2.86,b
41.7,4.13,b
41.7,7.07,b
128.8,4.13,b
128.8,3.005,b
128.8,6.689,b
128.8,7.07,b
131.3,3.005,b
131.3,7.07,b
131.3,6.689,b
116.6,6.689,b
116.6,7.07,b
116.6,3.35,b
156.27094,7.07,b
156.27094,6.689,b
156.27094,3.35,b
40.725,4.13,b
40.725,3.075,b
40.725,2.86,b
40.725,2.78,b
23.4,2.86,b
23.4,2.78,b
23.4,3.075,b
23.4,6.626,b
123.3,6.69,b
123.3,4.13,b
123.3,3.075,b
123.3,2.78,b
123.3,6.626,b
111.0,2.78,b
111.0,6.626,b
111.0,8.46,b
/
56.089813,3.8966668,q
110.33483,6.636471,q
57.8,4.13,q
41.7,3.005,q
131.3,7.07,q
116.6,6.689,q
40.725,3.075,q
23.4,2.78,q
114.59896,6.626,q
145.63637,5.959565,b
145.63637,6.636471,b
145.63637,6.626,b
147.68219,5.959565,b
147.68219,6.626,b
147.68219,3.8966668,b
147.68219,6.636471,b
56.089813,3.8966668,b
110.33483,6.636471,b
110.33483,4.13,b
130.4,6.636471,b
130.4,3.005,b
130.4,2.86,b
130.4,4.13,b
130.4,2.78,b
130.4,6.626,b
57.8,6.636471,b
57.8,4.13,b
57.8,3.005,b
57.8,3.075,b
57.8,2.86,b
41.7,3.005,b
41.7,2.86,b
41.7,4.13,b
41.7,7.07,b
128.8,4.13,b
128.8,3.005,b
128.8,6.689,b
128.8,7.07,b
131.3,3.005,b
131.3,7.07,b
131.3,6.689,b
116.6,6.689,b
116.6,7.07,b
116.6,3.35,b
156.27094,7.07,b
156.27094,6.689,b
156.27094,3.35,b
40.725,4.13,b
40.725,3.075,b
40.725,2.86,b
40.725,2.78,b
23.4,2.86,b
23.4,2.78,b
23.4,3.075,b
23.4,6.626,b
123.3,6.636471,b
123.3,4.13,b
123.3,3.075,b
123.3,2.78,b
123.3,6.626,b
114.59896,2.78,b
114.59896,6.626,b
114.59896,5.959565,b
/
60.3,3.6,q
112.8,7.9,q
56.6,3.8966668,q
115.8,6.83,q
34.6,2.76,q
62.25,2.975,q
43.75,2.55,q
52.96,2.7783334,q
28.3,2.63,q
115.9,6.63,q
150.2,7.6406975,b
150.2,6.63,b
143.95714,7.6406975,b
143.95714,6.63,b
143.95714,3.6,b
60.3,3.6,b
124.278946,7.9,b
124.278946,2.975,b
124.34545,7.9,b
124.34545,6.83,b
124.34545,2.76,b
112.8,7.9,b
148.0,7.9,b
148.0,3.8966668,b
148.0,5.959565,b
148.0,6.83,b
56.6,3.8966668,b
147.4,7.9,b
147.4,5.959565,b
147.4,6.83,b
115.8,5.959565,b
115.8,6.83,b
115.8,2.76,b
129.36363,7.9,b
129.36363,6.83,b
129.36363,2.975,b
129.36363,2.76,b
34.6,6.83,b
34.6,2.76,b
34.6,2.975,b
126.675,2.76,b
126.675,2.975,b
126.675,2.63,b
126.675,6.63,b
62.25,2.975,b
62.25,2.76,b
62.25,2.55,b
62.25,2.7783334,b
43.75,2.975,b
43.75,2.55,b
43.75,2.7783334,b
52.96,2.975,b
52.96,2.55,b
52.96,2.7783334,b
52.96,2.63,b
28.3,2.63,b
28.3,2.7783334,b
28.3,6.63,b
128.8,2.975,b
128.8,2.7783334,b
128.8,2.63,b
128.8,6.63,b
115.9,2.63,b
115.9,6.63,b
115.9,7.6406975,b
/
60.3,3.6,q
112.8,7.9,q
56.6,3.8966668,q
115.8,6.83,q
35.8,2.6,q
54.7,3.58,q
43.2,3.105,q
27.8,2.9,q
115.5,6.63,q
151.4,7.6406975,b
151.4,6.63,b
144.7,7.6406975,b
144.7,6.63,b
144.7,3.6,b
60.3,3.6,b
127.9,7.9,b
127.9,3.58,b
124.6,7.9,b
124.6,6.83,b
124.6,2.6,b
112.8,7.9,b
148.0,7.9,b
148.0,3.8966668,b
148.0,5.959565,b
148.0,6.83,b
56.6,3.8966668,b
147.4,7.9,b
147.4,5.959565,b
147.4,6.83,b
115.8,5.959565,b
115.8,6.83,b
115.8,2.6,b
129.4,7.9,b
129.4,6.83,b
129.4,3.58,b
129.4,2.6,b
35.8,6.83,b
35.8,2.6,b
35.8,2.86,b
35.8,3.58,b
126.8,2.6,b
126.8,2.86,b
126.8,3.58,b
126.8,2.9,b
126.8,6.63,b
54.7,3.58,b
54.7,2.6,b
54.7,3.105,b
54.7,2.86,b
43.2,3.58,b
43.2,3.105,b
43.2,2.86,b
43.2,2.9,b
27.8,2.86,b
27.8,2.9,b
27.8,3.105,b
27.8,6.63,b
129.2,3.58,b
129.2,3.105,b
129.2,2.9,b
129.2,6.63,b
115.5,2.9,b
115.5,6.63,b
115.5,7.6406975,b
/
123.895,7.11,q
131.56923,7.301012,q
126.333954,7.302,q
35.9,2.7675,q
62.9,2.89,q
43.75,2.55,q
53.025,2.7783334,q
29.4,2.96,q
111.1,6.73,q
55.675,3.805,q
62.0,3.7833333,q
155.31,8.72,b
155.31,7.11,b
155.31,7.301012,b
123.895,8.72,b
123.895,7.11,b
123.895,7.301012,b
123.895,7.302,b
131.56923,7.11,b
131.56923,7.301012,b
131.56923,7.302,b
126.333954,7.11,b
126.333954,7.301012,b
126.333954,7.302,b
126.333954,2.7675,b
129.8,7.301012,b
129.8,7.302,b
129.8,2.89,b
129.8,2.7675,b
35.9,7.302,b
35.9,2.7675,b
35.9,2.89,b
121.18642,7.302,b
121.18642,2.7675,b
121.18642,8.72,b
121.18642,7.11,b
125.7,2.89,b
120.1,2.7675,b
120.1,2.89,b
120.1,2.96,b
120.1,6.73,b
62.9,2.89,b
62.9,2.7675,b
62.9,2.55,b
62.9,2.7783334,b
43.75,2.89,b
43.75,2.55,b
43.75,2.7783334,b
53.025,2.89,b
53.025,2.55,b
53.025,2.7783334,b
53.025,2.96,b
29.4,2.96,b
29.4,2.7783334,b
29.4,6.73,b
129.0,2.89,b
129.0,2.7783334,b
129.0,2.96,b
129.0,6.73,b
111.1,2.96,b
111.1,6.73,b
151.25,6.73,b
151.25,3.805,b
55.675,3.805,b
142.0,6.73,b
142.0,3.7833333,b
62.0,3.7833333,b
/
56.294735,3.93,q
110.7,6.71,q
55.910103,3.8408632,q
116.1,6.9502234,q
130.29524,7.01,q
126.333954,7.302,q
35.9,2.7675,q
62.325,3.06,q
43.75,2.55,q
53.025,2.7783334,q
29.125,2.96,q
143.95,8.73,b
143.95,6.71,b
146.52632,8.73,b
146.52632,3.93,b
146.52632,6.71,b
56.294735,3.93,b
110.7,6.71,b
110.7,2.96,b
127.53333,6.71,b
127.53333,3.06,b
127.53333,2.7783334,b
127.53333,2.96,b
125.36,6.71,b
125.36,2.96,b
125.36,2.7675,b
125.36,3.06,b
121.18642,3.06,b
121.18642,8.73,b
121.18642,6.9502234,b
121.18642,7.302,b
121.18642,2.7675,b
156.0,3.8408632,b
156.0,6.9502234,b
156.0,7.01,b
55.910103,3.8408632,b
116.1,6.9502234,b
116.1,7.01,b
116.1,7.302,b
130.29524,6.9502234,b
130.29524,7.01,b
130.29524,7.302,b
126.333954,6.9502234,b
126.333954,7.01,b
126.333954,7.302,b
126.333954,2.7675,b
129.8,7.01,b
129.8,7.302,b
129.8,3.06,b
129.8,2.7675,b
35.9,7.302,b
35.9,2.7675,b
35.9,3.06,b
62.325,3.06,b
62.325,2.7675,b
62.325,2.55,b
62.325,2.7783334,b
43.75,3.06,b
43.75,2.55,b
43.75,2.7783334,b
53.025,3.06,b
53.025,2.55,b
53.025,2.7783334,b
53.025,2.96,b
29.125,2.96,b
29.125,2.7783334,b
29.125,6.71,b
/
116.1,6.9502234,q
130.29524,7.01,q
126.333954,7.302,q
55.910103,3.8408632,q
38.1,2.6,q
53.8,3.58,q
62.0,3.7833333,q
55.675,3.805,q
111.5,6.65,q
29.0,2.9,q
42.5,3.105,q
116.1,6.9502234,b
116.1,7.01,b
116.1,7.302,b
130.29524,6.9502234,b
130.29524,7.01,b
130.29524,7.302,b
126.333954,6.9502234,b
126.333954,7.01,b
126.333954,7.302,b
126.333954,2.6,b
156.0,6.9502234,b
156.0,7.01,b
156.0,3.8408632,b
55.910103,3.8408632,b
121.18642,6.9502234,b
121.18642,7.302,b
121.18642,2.6,b
129.8,7.01,b
129.8,7.302,b
129.8,3.58,b
129.8,2.6,b
38.1,7.302,b
38.1,2.6,b
38.1,2.86,b
38.1,3.58,b
53.8,3.58,b
53.8,2.6,b
53.8,3.105,b
53.8,2.86,b
130.0,2.6,b
130.0,2.86,b
130.0,3.58,b
130.0,6.65,b
130.0,2.9,b
125.7,3.58,b
142.0,3.7833333,b
142.0,6.65,b
62.0,3.7833333,b
151.25,3.805,b
151.25,6.65,b
55.675,3.805,b
111.5,6.65,b
111.5,2.9,b
130.1,6.65,b
130.1,3.58,b
130.1,3.105,b
130.1,2.9,b
29.0,6.65,b
29.0,2.9,b
29.0,2.86,b
29.0,3.105,b
42.5,3.105,b
42.5,2.9,b
42.5,3.58,b
42.5,2.86,b
/
55.85,3.882,q
111.0,6.83,q
119.0,6.86,q
35.9,2.755,q
62.9,2.89,q
43.75,2.55,q
53.025,2.7783334,q
29.4,2.96,q
111.1,6.73,q
55.675,3.805,q
62.0,3.7833333,q
144.0,8.85,b
144.0,6.83,b
149.35,8.85,b
149.35,3.882,b
149.35,6.83,b
149.35,6.86,b
55.85,3.882,b
111.0,6.83,b
111.0,6.86,b
119.0,6.83,b
119.0,6.86,b
119.0,2.755,b
130.0,6.83,b
130.0,6.86,b
130.0,2.89,b
130.0,2.755,b
35.9,6.86,b
35.9,2.755,b
35.9,2.89,b
119.0,8.85,b
126.0,2.89,b
120.1,2.755,b
120.1,2.89,b
120.1,2.96,b
120.1,6.73,b
62.9,2.89,b
62.9,2.755,b
62.9,2.55,b
62.9,2.7783334,b
43.75,2.89,b
43.75,2.55,b
43.75,2.7783334,b
53.025,2.89,b
53.025,2.55,b
53.025,2.7783334,b
53.025,2.96,b
29.4,2.96,b
29.4,2.7783334,b
29.4,6.73,b
129.0,2.89,b
129.0,2.7783334,b
129.0,2.96,b
129.0,6.73,b
111.1,2.96,b
111.1,6.73,b
151.3,6.73,b
151.3,3.805,b
55.675,3.805,b
142.2,6.73,b
142.2,3.7833333,b
62.0,3.7833333,b
/
55.85,3.882,q
110.8,6.83,q
118.7,6.73,q
38.1,2.6,q
53.8,3.58,q
42.5,3.105,q
29.0,2.9,q
111.5,6.65,q
55.675,3.805,q
62.0,3.7833333,q
143.9,8.85,b
143.9,6.83,b
149.35,8.85,b
149.35,3.882,b
149.35,6.83,b
149.35,6.73,b
55.85,3.882,b
110.8,6.83,b
110.8,6.73,b
118.7,6.83,b
118.7,6.73,b
118.7,2.6,b
129.6,6.83,b
129.6,6.73,b
129.6,3.58,b
129.6,2.6,b
38.1,6.73,b
38.1,2.6,b
38.1,2.86,b
38.1,3.58,b
119.9,6.73,b
119.9,2.6,b
119.9,8.85,b
125.4,3.58,b
130.0,2.6,b
130.0,2.86,b
130.0,3.58,b
130.0,2.9,b
130.0,6.65,b
53.8,3.58,b
53.8,2.6,b
53.8,3.105,b
53.8,2.86,b
42.5,3.58,b
42.5,3.105,b
42.5,2.86,b
42.5,2.9,b
29.0,2.86,b
29.0,2.9,b
29.0,3.105,b
29.0,6.65,b
130.1,3.58,b
130.1,3.105,b
130.1,2.9,b
130.1,6.65,b
111.5,2.9,b
111.5,6.65,b
151.2,6.65,b
151.2,3.805,b
55.675,3.805,b
141.8,6.65,b
141.8,3.7833333,b
62.0,3.7833333,b
/
126.7,7.2977343,q
127.7,7.302,q
34.8,2.8988888,q
123.95,7.98,q
127.35,7.53,q
62.2,2.975,q
43.72,2.55,q
49.633335,2.7783334,q
28.195646,2.8475,q
126.333954,7.302,q
126.39,7.255,q
121.425224,7.6688213,q
126.7,7.2977343,b
126.7,7.302,b
126.7,7.98,b
126.7,7.53,b
127.7,7.2977343,b
127.7,7.302,b
127.7,7.53,b
127.7,2.8988888,b
135.9,7.2977343,b
135.9,7.302,b
135.9,2.975,b
135.9,2.8988888,b
135.9,7.98,b
34.8,7.302,b
34.8,2.8988888,b
34.8,2.975,b
132.9,7.302,b
132.9,2.8988888,b
132.9,7.53,b
132.9,7.98,b
132.9,7.6688213,b
123.95,7.98,b
123.95,7.2977343,b
123.95,7.53,b
127.35,7.53,b
127.35,7.98,b
127.35,7.2977343,b
127.35,7.302,b
139.49176,7.98,b
139.49176,2.975,b
139.49176,7.255,b
139.49176,7.6688213,b
127.10968,7.6688213,b
127.10968,2.8988888,b
127.10968,2.975,b
127.10968,2.8475,b
127.10968,7.302,b
62.2,2.975,b
62.2,2.8988888,b
62.2,2.55,b
62.2,2.7783334,b
43.72,2.975,b
43.72,2.55,b
43.72,2.7783334,b
49.633335,2.975,b
49.633335,2.55,b
49.633335,2.7783334,b
49.633335,2.8475,b
28.195646,2.8475,b
28.195646,2.7783334,b
28.195646,7.302,b
138.19885,2.975,b
138.19885,2.7783334,b
138.19885,2.8475,b
138.19885,7.255,b
138.19885,7.302,b
126.333954,2.8475,b
126.333954,7.302,b
126.333954,7.6688213,b
126.333954,7.255,b
126.39,7.255,b
126.39,7.302,b
126.39,7.6688213,b
121.425224,7.302,b
121.425224,7.6688213,b
121.425224,7.255,b
/
116.223335,6.689,q
130.36,7.03,q
39.25,3.069,q
57.078182,4.191,q
156.27094,3.35,b
156.27094,7.03,b
156.27094,6.689,b
116.223335,3.35,b
116.223335,6.689,b
116.223335,7.03,b
130.36,7.03,b
130.36,6.689,b
130.36,3.069,b
127.63,6.689,b
127.63,7.03,b
127.63,4.191,b
127.63,3.069,b
39.25,7.03,b
39.25,3.069,b
39.25,8.4,b
39.25,4.191,b
57.078182,4.191,b
57.078182,3.069,b
57.078182,8.4,b
57.078182,7.25,b
177.18608,3.069,b
177.18608,8.4,b
177.18608,4.191,b
177.18608,7.25,b
/
56.9,3.7473333,q
37.7,3.008348,q
119.5,6.6589165,q
119.9,6.698222,q
124.8,6.52,q
56.9,3.7473333,b
56.9,8.2,b
56.9,7.25,b
56.9,3.008348,b
174.1,8.2,b
174.1,3.008348,b
174.1,3.7473333,b
174.1,7.25,b
37.7,8.2,b
37.7,3.008348,b
37.7,3.7473333,b
37.7,6.6589165,b
37.7,6.52,b
129.1,3.7473333,b
129.1,3.008348,b
129.1,6.6589165,b
129.1,6.698222,b
129.1,6.52,b
119.5,3.008348,b
119.5,6.6589165,b
119.5,6.52,b
119.5,7.7966666,b
147.1,6.6589165,b
147.1,7.7966666,b
147.1,8.324546,b
147.1,6.698222,b
145.1,6.6589165,b
145.1,7.7966666,b
145.1,8.324546,b
145.1,6.52,b
145.1,6.698222,b
119.9,8.324546,b
119.9,6.698222,b
119.9,6.52,b
124.8,6.52,b
124.8,6.698222,b
124.8,3.008348,b
124.8,6.6589165,b
/
43.0,4.1351304,q
130.445,7.06,q
114.67,6.68,q
192.0,10.02,b
192.0,4.1351304,b
160.2,4.1351304,b
160.2,10.02,b
43.0,4.1351304,b
43.0,7.06,b
131.98808,4.1351304,b
131.98808,6.68,b
131.98808,7.06,b
130.445,4.1351304,b
130.445,7.06,b
130.445,6.68,b
114.67,6.68,b
114.67,7.06,b
114.67,3.35,b
157.345,7.06,b
157.345,6.68,b
157.345,3.35,b
/
42.992,2.93,q
38.278,2.69,q
115.86305,6.6589165,q
116.02791,6.698222,q
124.9,6.925555,q
42.992,2.93,b
42.992,1.35,b
42.992,2.69,b
38.278,1.35,b
38.278,2.69,b
38.278,2.93,b
38.278,6.6589165,b
38.278,6.925555,b
132.60114,2.93,b
132.60114,2.69,b
132.60114,6.6589165,b
132.60114,6.698222,b
132.60114,6.925555,b
115.86305,2.69,b
115.86305,6.6589165,b
115.86305,6.925555,b
115.86305,7.7966666,b
145.21886,6.6589165,b
145.21886,7.7966666,b
145.21886,8.324546,b
145.21886,6.698222,b
144.02522,6.6589165,b
144.02522,7.7966666,b
144.02522,8.324546,b
144.02522,6.925555,b
144.02522,6.698222,b
116.02791,8.324546,b
116.02791,6.698222,b
116.02791,6.925555,b
124.9,6.925555,b
124.9,6.698222,b
124.9,2.69,b
124.9,6.6589165,b
/
115.67139,6.7097726,q
126.8923,6.925555,q
50.6,3.66,q
199.3,9.72,q
156.00531,3.35,b
156.00531,6.925555,b
156.00531,6.7097726,b
115.67139,3.35,b
115.67139,6.7097726,b
115.67139,6.925555,b
126.8923,6.925555,b
126.8923,6.7097726,b
126.8923,3.66,b
132.0,6.7097726,b
132.0,6.925555,b
132.0,9.72,b
132.0,3.66,b
50.6,6.925555,b
50.6,3.66,b
50.6,9.72,b
199.3,9.72,b
199.3,3.66,b
/
