41.902016,2.8202052,q
70.5649,3.915746,q
49.229362,3.430339,q
79.82693,5.0276895,q
70.469765,5.3671236,q
36.808296,2.2148187,q
102.16597,5.695623,q
22.640383,1.53,q
13.302684,1.6523424,q
58.535114,3.191246,q
13.4,1.3945215,q
121.522415,5.9602118,q
14.491849,1.1810488,q
41.902016,3.430339,b
41.902016,5.695623,b
70.5649,1.1810488,b
70.5649,5.0276895,b
49.229362,2.8202052,b
49.229362,5.3671236,b
49.229362,5.9602118,b
79.82693,3.915746,b
79.82693,2.2148187,b
70.469765,3.430339,b
36.808296,5.0276895,b
36.808296,1.53,b
89.21063,5.3671236,b
89.21063,5.695623,b
206.95642,2.2148187,b
206.95642,1.53,b
102.16597,2.8202052,b
193.33292,3.915746,b
193.33292,1.1810488,b
22.640383,2.2148187,b
169.7109,5.3671236,b
169.7109,1.6523424,b
169.7109,3.191246,b
58.897907,1.3945215,b
58.897907,3.191246,b
13.302684,3.191246,b
58.535114,1.6523424,b
169.70499,5.0276895,b
169.70499,3.430339,b
169.70499,5.9602118,b
135.75943,3.915746,b
135.75943,5.0276895,b
121.522415,3.430339,b
14.491849,3.915746,b
/
130.56699,5.9352407,q
46.50715,3.9899254,q
82.175095,4.7807302,q
69.811386,5.405231,q
36.652294,2.2845447,q
101.36996,5.72,q
22.969593,1.53,q
123.57693,6.16,q
67.16754,4.56,q
22.067,2.76,q
119.89563,5.828025,q
12.706219,1.9961487,q
131.79228,3.9899254,b
131.79228,5.72,b
130.56699,1.9961487,b
130.56699,4.7807302,b
46.50715,5.405231,b
46.50715,5.828025,b
82.175095,5.9352407,b
82.175095,2.2845447,b
69.811386,3.9899254,b
36.652294,4.7807302,b
36.652294,1.53,b
89.61565,5.405231,b
89.61565,5.72,b
206.89922,2.2845447,b
206.89922,1.53,b
181.76872,5.9352407,b
181.76872,1.9961487,b
22.969593,2.2845447,b
164.71721,5.405231,b
164.71721,6.16,b
164.71721,4.56,b
143.8371,2.76,b
123.57693,4.56,b
67.16754,6.16,b
169.29343,4.7807302,b
169.29343,3.9899254,b
169.29343,5.828025,b
138.48471,5.9352407,b
138.48471,4.7807302,b
119.89563,3.9899254,b
12.706219,5.9352407,b
/
130.56815,5.9355893,q
46.515087,3.9888656,q
82.188354,4.7800903,q
69.78158,5.413411,q
36.694054,2.2838898,q
101.37007,5.72,q
22.971455,1.53,q
141.7,6.96,q
15.9,1.92,q
64.9,4.21,q
119.89561,5.827975,q
12.706237,1.9962387,q
131.79245,3.9888656,b
131.79245,5.72,b
130.56815,1.9962387,b
130.56815,4.7800903,b
46.515087,5.413411,b
46.515087,5.827975,b
82.188354,5.9355893,b
82.188354,2.2838898,b
69.78158,3.9888656,b
36.694054,4.7800903,b
36.694054,1.53,b
89.61743,5.413411,b
89.61743,5.72,b
206.89932,2.2838898,b
206.89932,1.53,b
181.76865,5.9355893,b
181.76865,1.9962387,b
22.971455,2.2838898,b
166.08817,5.413411,b
166.08817,6.96,b
166.08817,4.21,b
131.67732,1.92,b
141.7,4.21,b
64.9,6.96,b
169.29391,4.7800903,b
169.29391,3.9888656,b
169.29391,5.827975,b
138.48544,5.9355893,b
138.48544,4.7800903,b
119.89561,3.9888656,b
12.706237,5.9355893,b
/
135.1,6.01,q
81.7,5.3,q
51.2,3.71,q
73.0,4.53,q
44.0,2.39,q
104.7,5.72,q
20.7,1.53,q
138.2,6.08,q
15.482,1.89,q
20.1,1.78,q
124.45,5.83,q
20.4,2.08,q
130.3,5.3,b
130.3,5.72,b
135.1,2.08,b
135.1,3.71,b
81.7,4.53,b
51.2,6.01,b
51.2,2.39,b
51.2,5.83,b
73.0,5.3,b
44.0,3.71,b
44.0,1.53,b
89.7,4.53,b
89.7,5.72,b
204.9,2.39,b
204.9,1.53,b
186.9,6.01,b
186.9,2.08,b
20.7,2.39,b
167.2,4.53,b
167.2,6.08,b
167.2,1.78,b
126.4,1.89,b
138.2,1.78,b
20.1,6.08,b
133.7,5.3,b
133.7,4.53,b
124.45,3.71,b
168.9,3.71,b
168.9,5.83,b
168.9,5.3,b
20.4,6.01,b
/
124.582436,5.4469533,q
76.62901,5.395,q
50.784637,3.405,q
69.075714,5.392009,q
36.46048,2.0619671,q
74.38899,4.4715285,q
38.16431,2.3962646,q
81.03526,4.897375,q
64.89583,3.753038,q
138.2,6.08,q
15.482,1.89,q
20.1,1.78,q
124.45,5.83,q
14.754242,2.174,q
142.3583,5.395,b
142.3583,2.3962646,b
124.582436,4.897375,b
124.582436,2.174,b
124.582436,3.405,b
76.62901,5.392009,b
50.784637,5.4469533,b
50.784637,2.0619671,b
50.784637,5.83,b
69.075714,5.395,b
36.46048,3.405,b
36.46048,4.4715285,b
36.46048,3.753038,b
86.34758,5.392009,b
86.34758,2.3962646,b
86.34758,4.897375,b
74.38899,2.0619671,b
74.38899,3.753038,b
74.38899,4.897375,b
81.03526,4.4715285,b
81.03526,5.4469533,b
81.03526,2.174,b
64.89583,2.0619671,b
64.89583,4.4715285,b
167.2,5.392009,b
167.2,6.08,b
167.2,1.78,b
126.4,1.89,b
138.2,1.78,b
20.1,6.08,b
133.6,5.395,b
133.6,5.392009,b
124.45,3.405,b
169.47894,3.405,b
169.47894,5.83,b
169.47894,5.395,b
14.754242,5.4469533,b
14.754242,4.897375,b
/
135.1,6.01,q
81.7,5.3,q
51.2,3.71,q
67.44564,4.53,q
44.1,2.39,q
104.7,5.72,q
20.7,1.53,q
126.65,5.873625,q
19.75,1.9356,q
124.45,5.83,q
20.4,2.08,q
130.3,5.3,b
130.3,5.72,b
135.1,2.08,b
135.1,3.71,b
81.7,4.53,b
51.2,6.01,b
51.2,2.39,b
51.2,5.83,b
67.44564,5.3,b
44.1,3.71,b
44.1,1.53,b
89.7,4.53,b
89.7,5.72,b
204.9,2.39,b
204.9,1.53,b
186.9,6.01,b
186.9,2.08,b
20.7,2.39,b
166.06511,4.53,b
166.06511,5.873625,b
166.06511,1.9356,b
126.65,1.9356,b
19.75,5.873625,b
133.7,5.3,b
133.7,4.53,b
124.45,3.71,b
168.9,3.71,b
168.9,5.83,b
168.9,5.3,b
20.4,6.01,b
/
119.66404,5.6136765,q
70.92254,5.6557517,q
78.36804,4.8960958,q
47.6159,3.6129818,q
67.51538,5.55569,q
38.69056,2.3810086,q
101.89885,5.873912,q
20.75,1.53,q
126.65,5.873625,q
19.75,1.9356,q
121.68856,6.0070195,q
20.8,2.11,q
136.66855,4.8960958,b
136.66855,5.873912,b
119.66404,5.6557517,b
70.92254,5.6136765,b
70.92254,3.6129818,b
78.36804,5.55569,b
47.6159,5.6557517,b
47.6159,2.3810086,b
47.6159,6.0070195,b
67.51538,4.8960958,b
38.69056,3.6129818,b
38.69056,1.53,b
89.92244,5.55569,b
89.92244,5.873912,b
206.64658,2.3810086,b
206.64658,1.53,b
176.68213,5.6136765,b
176.68213,5.6557517,b
20.75,2.3810086,b
165.96967,5.55569,b
165.96967,5.873625,b
165.96967,1.9356,b
126.65,1.9356,b
19.75,5.873625,b
134.17075,4.8960958,b
134.17075,5.55569,b
121.68856,3.6129818,b
168.78137,3.6129818,b
168.78137,6.0070195,b
168.78137,4.8960958,b
168.99055,5.6557517,b
/
33.30329,2.6749127,q
39.62021,1.8294258,q
78.424706,4.932565,q
49.70872,3.836721,q
67.69926,5.5351706,q
39.08068,2.3669953,q
101.4128,5.6287203,q
22.686512,1.53,q
126.65,5.873625,q
19.75,1.9356,q
122.024414,5.9634147,q
18.261461,1.2372967,q
33.30329,4.932565,b
33.30329,5.6287203,b
39.62021,1.2372967,b
39.62021,3.836721,b
78.424706,2.6749127,b
78.424706,5.5351706,b
49.70872,1.8294258,b
49.70872,2.3669953,b
49.70872,5.9634147,b
67.69926,4.932565,b
39.08068,3.836721,b
39.08068,1.53,b
89.03981,5.5351706,b
89.03981,5.6287203,b
206.87451,2.3669953,b
206.87451,1.53,b
101.4128,2.6749127,b
194.27597,1.8294258,b
194.27597,1.2372967,b
22.686512,2.3669953,b
166.04869,5.5351706,b
166.04869,5.873625,b
166.04869,1.9356,b
126.65,1.9356,b
19.75,5.873625,b
134.73643,4.932565,b
134.73643,5.5351706,b
122.024414,3.836721,b
171.6,3.836721,b
171.6,5.9634147,b
171.6,4.932565,b
18.261461,1.8294258,b
/
33.29909,2.6744783,q
39.60157,1.8313532,q
78.33114,4.911185,q
49.43094,4.126,q
68.42246,5.5695114,q
38.715725,2.3529422,q
101.41243,5.63016,q
22.697382,1.53,q
67.190735,3.6965814,q
22.916052,1.4084263,q
122.5,5.942215,q
18.260302,1.2375686,q
33.29909,4.911185,b
33.29909,5.63016,b
39.60157,1.2375686,b
39.60157,4.126,b
78.33114,2.6744783,b
78.33114,5.5695114,b
49.43094,1.8313532,b
49.43094,2.3529422,b
49.43094,5.942215,b
68.42246,4.911185,b
38.715725,4.126,b
38.715725,1.53,b
88.93673,5.5695114,b
88.93673,5.63016,b
206.85544,2.3529422,b
206.85544,1.53,b
101.41243,2.6744783,b
194.2808,1.8313532,b
194.2808,1.2375686,b
22.697382,2.3529422,b
175.7122,5.5695114,b
175.7122,3.6965814,b
175.7122,1.4084263,b
67.190735,1.4084263,b
22.916052,3.6965814,b
138.8,4.911185,b
138.8,5.5695114,b
122.5,4.126,b
171.6,4.126,b
171.6,5.942215,b
171.6,4.911185,b
18.260302,1.8313532,b
/
33.299374,2.675269,q
39.590168,1.8312658,q
78.3582,4.906411,q
49.238956,4.126,q
67.85771,5.482623,q
38.479313,2.4095812,q
101.415634,5.631157,q
22.696938,1.53,q
52.84443,3.0372066,q
16.9872,1.6133426,q
122.5,5.943502,q
18.261103,1.2372199,q
33.299374,4.906411,b
33.299374,5.631157,b
39.590168,1.2372199,b
39.590168,4.126,b
78.3582,2.675269,b
78.3582,5.482623,b
49.238956,1.8312658,b
49.238956,2.4095812,b
49.238956,5.943502,b
67.85771,4.906411,b
38.479313,4.126,b
38.479313,1.53,b
88.99827,5.482623,b
88.99827,5.631157,b
206.85007,2.4095812,b
206.85007,1.53,b
101.415634,2.675269,b
194.27644,1.8312658,b
194.27644,1.2372199,b
22.696938,2.4095812,b
170.33128,5.482623,b
170.33128,3.0372066,b
170.33128,1.6133426,b
55.491264,3.0372066,b
52.84443,1.6133426,b
16.9872,3.0372066,b
138.8,4.906411,b
138.8,5.482623,b
122.5,4.126,b
171.6,4.126,b
171.6,5.943502,b
171.6,4.906411,b
18.261103,1.8312658,b
/
33.30329,2.6749127,q
39.62021,1.8294258,q
78.424706,4.932565,q
49.70872,3.836721,q
67.69926,5.5351706,q
39.08068,2.3669953,q
101.4128,5.6287203,q
22.686512,1.53,q
126.65,5.873625,q
19.75,1.9356,q
122.5,5.9634147,q
18.261461,1.2372967,q
33.30329,4.932565,b
33.30329,5.6287203,b
39.62021,1.2372967,b
39.62021,3.836721,b
78.424706,2.6749127,b
78.424706,5.5351706,b
49.70872,1.8294258,b
49.70872,2.3669953,b
49.70872,5.9634147,b
67.69926,4.932565,b
39.08068,3.836721,b
39.08068,1.53,b
89.03981,5.5351706,b
89.03981,5.6287203,b
206.87451,2.3669953,b
206.87451,1.53,b
101.4128,2.6749127,b
194.27597,1.8294258,b
194.27597,1.2372967,b
22.686512,2.3669953,b
166.04869,5.5351706,b
166.04869,5.873625,b
166.04869,1.9356,b
126.65,1.9356,b
19.75,5.873625,b
134.73643,4.932565,b
134.73643,5.5351706,b
122.5,3.836721,b
171.6,3.836721,b
171.6,5.9634147,b
171.6,4.932565,b
18.261461,1.8294258,b
/
33.296196,2.674479,q
39.590412,1.8314463,q
78.30018,4.912547,q
49.24329,4.126,q
68.71156,5.55142,q
38.437645,2.3461134,q
101.41148,5.6299806,q
22.693562,1.53,q
65.53542,3.8376613,q
20.827873,2.1440125,q
19.224358,1.5169731,q
122.5,5.9416876,q
18.259777,1.2374611,q
33.296196,4.912547,b
33.296196,5.6299806,b
39.590412,1.2374611,b
39.590412,4.126,b
78.30018,2.674479,b
78.30018,5.55142,b
49.24329,1.8314463,b
49.24329,2.3461134,b
49.24329,5.9416876,b
68.71156,4.912547,b
38.437645,4.126,b
38.437645,1.53,b
88.90652,5.55142,b
88.90652,5.6299806,b
206.84148,2.3461134,b
206.84148,1.53,b
101.41148,2.674479,b
194.28017,1.8314463,b
194.28017,1.2374611,b
22.693562,2.3461134,b
169.75835,5.55142,b
169.75835,3.8376613,b
169.75835,1.5169731,b
65.53542,1.5169731,b
19.224358,3.8376613,b
138.8,4.912547,b
138.8,5.55142,b
122.5,4.126,b
171.6,4.126,b
171.6,5.9416876,b
171.6,4.912547,b
18.259777,1.8314463,b
/
33.29844,2.674534,q
39.597908,1.8310976,q
78.323296,4.9112525,q
49.39466,4.126,q
68.63927,5.561926,q
38.64454,2.3494744,q
101.412285,5.6301622,q
22.696014,1.53,q
68.06655,4.1885824,q
20.7125,2.06,q
23.385632,1.4208643,q
122.5,5.942214,q
18.260174,1.2375773,q
33.29844,4.9112525,b
33.29844,5.6301622,b
39.597908,1.2375773,b
39.597908,4.126,b
78.323296,2.674534,b
78.323296,5.561926,b
49.39466,1.8310976,b
49.39466,2.3494744,b
49.39466,5.942214,b
68.63927,4.9112525,b
38.64454,4.126,b
38.64454,1.53,b
88.93153,5.561926,b
88.93153,5.6301622,b
206.85213,2.3494744,b
206.85213,1.53,b
101.412285,2.674534,b
194.2806,1.8310976,b
194.2806,1.2375773,b
22.696014,2.3494744,b
173.78056,5.561926,b
173.78056,4.1885824,b
173.78056,1.4208643,b
68.06655,1.4208643,b
170.94846,4.1885824,b
23.385632,4.1885824,b
138.8,4.9112525,b
138.8,5.561926,b
122.5,4.126,b
171.6,4.126,b
171.6,5.942214,b
171.6,4.9112525,b
18.260174,1.8310976,b
/
33.30392,2.674902,q
39.626213,1.8295046,q
78.43917,4.9323645,q
49.770115,3.8374355,q
67.41114,5.522578,q
39.129444,2.366562,q
101.41326,5.6287155,q
22.692411,1.53,q
138.2,6.08,q
15.482,1.89,q
20.1,1.78,q
122.01875,5.963471,q
18.261463,1.2372944,q
33.30392,4.9323645,b
33.30392,5.6287155,b
39.626213,1.2372944,b
39.626213,3.8374355,b
78.43917,2.674902,b
78.43917,5.522578,b
49.770115,1.8295046,b
49.770115,2.366562,b
49.770115,5.963471,b
67.41114,4.9323645,b
39.129444,3.8374355,b
39.129444,1.53,b
89.05123,5.522578,b
89.05123,5.6287155,b
206.87463,2.366562,b
206.87463,1.53,b
101.41326,2.674902,b
194.27539,1.8295046,b
194.27539,1.2372944,b
22.692411,2.366562,b
166.75421,5.522578,b
166.75421,6.08,b
166.75421,1.78,b
126.4,1.89,b
138.2,1.78,b
20.1,6.08,b
134.75261,4.9323645,b
134.75261,5.522578,b
122.01875,3.8374355,b
171.6,3.8374355,b
171.6,5.963471,b
171.6,4.9323645,b
18.261463,1.8295046,b
/
33.30392,2.674902,q
39.626213,1.8295046,q
78.43917,4.9323645,q
49.770115,3.8374355,q
67.41114,5.522578,q
39.129444,2.366562,q
101.41326,5.6287155,q
22.692411,1.53,q
138.2,6.08,q
15.482,1.89,q
20.1,1.78,q
122.01875,5.963471,q
18.261463,1.2372944,q
33.30392,4.9323645,b
33.30392,5.6287155,b
39.626213,1.2372944,b
39.626213,3.8374355,b
78.43917,2.674902,b
78.43917,5.522578,b
49.770115,1.8295046,b
49.770115,2.366562,b
49.770115,5.963471,b
67.41114,4.9323645,b
39.129444,3.8374355,b
39.129444,1.53,b
89.05123,5.522578,b
89.05123,5.6287155,b
206.87463,2.366562,b
206.87463,1.53,b
101.41326,2.674902,b
194.27539,1.8295046,b
194.27539,1.2372944,b
22.692411,2.366562,b
166.75421,5.522578,b
166.75421,6.08,b
166.75421,1.78,b
126.4,1.89,b
138.2,1.78,b
20.1,6.08,b
134.75261,4.9323645,b
134.75261,5.522578,b
122.01875,3.8374355,b
171.6,3.8374355,b
171.6,5.963471,b
171.6,4.9323645,b
18.261463,1.8295046,b
/
130.0032,5.5961175,q
77.1981,5.271514,q
51.45227,2.820839,q
68.21047,5.2981334,q
39.964886,2.3469887,q
104.7,5.72,q
20.75,1.53,q
126.65,5.873625,q
19.75,1.9356,q
66.05818,3.7927837,q
20.4,2.08,q
132.96297,5.271514,b
132.96297,5.72,b
130.0032,2.08,b
130.0032,2.820839,b
77.1981,5.2981334,b
51.45227,5.5961175,b
51.45227,2.3469887,b
51.45227,3.7927837,b
68.21047,5.271514,b
39.964886,2.820839,b
39.964886,1.53,b
89.85584,5.2981334,b
89.85584,5.72,b
204.9,2.3469887,b
204.9,1.53,b
181.49013,5.5961175,b
181.49013,2.08,b
20.75,2.3469887,b
165.8761,5.2981334,b
165.8761,5.873625,b
165.8761,1.9356,b
126.65,1.9356,b
19.75,5.873625,b
79.06265,5.271514,b
79.06265,5.2981334,b
175.96759,2.820839,b
175.96759,3.7927837,b
175.96759,5.271514,b
66.05818,2.820839,b
20.4,5.5961175,b
/
130.39043,5.5979524,q
78.75978,5.2148957,q
47.229298,2.798574,q
69.22979,5.3421283,q
39.16517,2.3540032,q
104.7,5.72,q
20.75,1.53,q
126.65,5.873625,q
19.75,1.9356,q
44.852238,2.5220475,q
22.559778,1.6660057,q
11.592162,0.9530817,q
20.4,2.08,q
132.55319,5.2148957,b
132.55319,5.72,b
130.39043,2.08,b
130.39043,2.798574,b
78.75978,5.3421283,b
78.75978,2.5220475,b
47.229298,5.5979524,b
47.229298,2.3540032,b
47.229298,1.6660057,b
69.22979,5.2148957,b
69.22979,2.5220475,b
39.16517,2.798574,b
39.16517,1.53,b
89.795044,5.3421283,b
89.795044,5.72,b
204.9,2.3540032,b
204.9,1.53,b
181.52034,5.5979524,b
181.52034,2.08,b
20.75,2.3540032,b
166.02048,5.3421283,b
166.02048,5.873625,b
166.02048,1.9356,b
126.65,1.9356,b
19.75,5.873625,b
44.852238,5.2148957,b
44.852238,5.3421283,b
44.852238,0.9530817,b
177.64969,2.798574,b
177.64969,1.6660057,b
177.64969,5.2148957,b
22.559778,2.798574,b
11.592162,2.5220475,b
20.4,5.5979524,b
/
130.94205,5.5565557,q
79.21993,5.259688,q
53.12843,2.585326,q
68.91066,4.3479056,q
40.733967,2.2498207,q
104.7,5.72,q
23.496696,1.53,q
40.128895,2.7498534,q
13.8051605,1.27,q
20.4,2.08,q
132.41914,5.259688,b
132.41914,5.72,b
130.94205,2.08,b
130.94205,2.585326,b
79.21993,4.3479056,b
79.21993,2.7498534,b
53.12843,5.5565557,b
53.12843,2.2498207,b
53.12843,1.27,b
68.91066,5.259688,b
68.91066,2.7498534,b
40.733967,2.585326,b
40.733967,1.53,b
90.491425,4.3479056,b
90.491425,5.72,b
207.51517,2.2498207,b
207.51517,1.53,b
181.62633,5.5565557,b
181.62633,2.08,b
23.496696,2.2498207,b
40.128895,5.259688,b
40.128895,4.3479056,b
179.00063,2.585326,b
179.00063,1.27,b
179.00063,5.259688,b
13.8051605,2.585326,b
20.4,5.5565557,b
/
135.1,6.01,q
81.7,5.3,q
51.2,3.71,q
67.44564,4.53,q
44.1,2.39,q
104.7,5.72,q
20.7,1.53,q
126.65,5.873625,q
19.75,1.9356,q
124.45,5.83,q
20.4,2.08,q
130.3,5.3,b
130.3,5.72,b
135.1,2.08,b
135.1,3.71,b
81.7,4.53,b
51.2,6.01,b
51.2,2.39,b
51.2,5.83,b
67.44564,5.3,b
44.1,3.71,b
44.1,1.53,b
89.7,4.53,b
89.7,5.72,b
204.9,2.39,b
204.9,1.53,b
186.9,6.01,b
186.9,2.08,b
20.7,2.39,b
166.06511,4.53,b
166.06511,5.873625,b
166.06511,1.9356,b
126.65,1.9356,b
19.75,5.873625,b
133.7,5.3,b
133.7,4.53,b
124.45,3.71,b
168.9,3.71,b
168.9,5.83,b
168.9,5.3,b
20.4,6.01,b
/
129.89062,5.747,q
76.77679,5.288311,q
51.0,3.405,q
73.0,4.53,q
44.2,2.39,q
102.5083,5.896037,q
20.8,1.53,q
138.2,6.08,q
15.482,1.89,q
20.1,1.78,q
124.45,5.83,q
59.41209,5.2837133,q
20.718105,2.0714285,q
131.27835,5.288311,b
131.27835,5.896037,b
129.89062,5.2837133,b
129.89062,3.405,b
76.77679,4.53,b
51.0,5.747,b
51.0,2.39,b
51.0,5.83,b
73.0,5.288311,b
44.2,3.405,b
44.2,1.53,b
89.9,4.53,b
89.9,5.896037,b
204.8,2.39,b
204.8,1.53,b
179.67712,5.747,b
179.67712,5.2837133,b
20.8,2.39,b
167.2,4.53,b
167.2,6.08,b
167.2,1.78,b
126.4,1.89,b
138.2,1.78,b
20.1,6.08,b
133.5,5.288311,b
133.5,4.53,b
124.45,3.405,b
169.0,3.405,b
169.0,5.83,b
169.0,5.288311,b
59.41209,5.747,b
170.41306,5.2837133,b
/
129.88918,5.7472105,q
76.76448,5.2884603,q
51.0,3.405,q
67.38539,4.53,q
44.1,2.39,q
102.50779,5.896035,q
20.8,1.53,q
126.65,5.873625,q
19.75,1.9356,q
124.45,5.83,q
59.411987,5.283702,q
20.718105,2.0714285,q
131.27844,5.2884603,b
131.27844,5.896035,b
129.88918,5.283702,b
129.88918,3.405,b
76.76448,4.53,b
51.0,5.7472105,b
51.0,2.39,b
51.0,5.83,b
67.38539,5.2884603,b
44.1,3.405,b
44.1,1.53,b
89.9,4.53,b
89.9,5.896035,b
204.8,2.39,b
204.8,1.53,b
179.67752,5.7472105,b
179.67752,5.283702,b
20.8,2.39,b
166.0631,4.53,b
166.0631,5.873625,b
166.0631,1.9356,b
126.65,1.9356,b
19.75,5.873625,b
133.5,5.2884603,b
133.5,4.53,b
124.45,3.405,b
169.0,3.405,b
169.0,5.83,b
169.0,5.2884603,b
59.411987,5.7472105,b
170.41304,5.283702,b
/
135.1,6.01,q
81.7,5.3,q
49.55445,3.405,q
67.57798,5.458847,q
38.135227,2.39,q
104.7,5.72,q
20.7,1.53,q
16.983929,1.6119064,q
52.845825,3.0338194,q
124.45,5.83,q
20.4,2.08,q
130.3,5.3,b
130.3,5.72,b
135.1,2.08,b
135.1,3.405,b
81.7,5.458847,b
49.55445,6.01,b
49.55445,2.39,b
49.55445,5.83,b
67.57798,5.3,b
38.135227,3.405,b
38.135227,1.53,b
89.7,5.458847,b
89.7,5.72,b
204.9,2.39,b
204.9,1.53,b
186.9,6.01,b
186.9,2.08,b
20.7,2.39,b
170.32724,5.458847,b
170.32724,1.6119064,b
170.32724,3.0338194,b
55.492847,3.0338194,b
16.983929,3.0338194,b
52.845825,1.6119064,b
133.6,5.3,b
133.6,5.458847,b
124.45,3.405,b
168.9,3.405,b
168.9,5.83,b
168.9,5.3,b
20.4,6.01,b
/
132.90344,5.5717244,q
74.1274,4.8044267,q
51.669117,3.3846176,q
76.84875,5.0789,q
40.74848,2.4787908,q
104.7,5.72,q
20.75,1.53,q
121.61222,6.0765414,q
76.29857,3.179699,q
28.624882,1.95,q
19.33,0.91,q
20.4,2.08,q
131.35886,4.8044267,b
131.35886,5.72,b
132.90344,2.08,b
132.90344,3.3846176,b
74.1274,5.0789,b
74.1274,3.179699,b
51.669117,5.5717244,b
51.669117,2.4787908,b
51.669117,6.0765414,b
76.84875,4.8044267,b
40.74848,3.3846176,b
40.74848,1.53,b
89.80915,5.0789,b
89.80915,5.72,b
204.9,2.4787908,b
204.9,1.53,b
186.9,5.5717244,b
186.9,2.08,b
20.75,2.4787908,b
169.60425,5.0789,b
169.60425,3.3846176,b
169.60425,6.0765414,b
135.75119,4.8044267,b
135.75119,5.0789,b
121.61222,3.3846176,b
76.29857,4.8044267,b
76.29857,0.91,b
19.33,3.179699,b
19.33,0.91,b
20.4,5.5717244,b
/
33.04752,2.7053783,q
39.511993,1.830254,q
78.871155,4.926957,q
47.6402,3.7791247,q
69.433945,5.4414954,q
74.174225,4.3875074,q
102.24028,5.659138,q
19.21455,1.4083333,q
43.90615,2.2871428,q
25.98,2.1,q
23.2,1.0,q
121.755936,6.085,q
18.1955,1.2514224,q
33.04752,4.926957,b
33.04752,5.659138,b
39.511993,1.2514224,b
39.511993,3.7791247,b
78.871155,2.7053783,b
78.871155,5.4414954,b
47.6402,1.830254,b
47.6402,4.3875074,b
47.6402,6.085,b
69.433945,4.926957,b
74.174225,3.7791247,b
74.174225,1.4083333,b
91.35252,5.4414954,b
91.35252,5.659138,b
205.49539,4.3875074,b
205.49539,1.4083333,b
102.24028,2.7053783,b
194.74419,1.830254,b
194.74419,1.2514224,b
19.21455,4.3875074,b
172.30264,5.4414954,b
172.30264,2.1,b
43.90615,1.0,b
23.2,2.2871428,b
23.2,1.0,b
135.20041,4.926957,b
135.20041,5.4414954,b
121.755936,3.7791247,b
169.63138,3.7791247,b
169.63138,6.085,b
169.63138,4.926957,b
18.1955,1.830254,b
/
33.355732,2.7083385,q
38.764763,1.9004242,q
79.36458,4.8337164,q
48.472023,2.5498023,q
69.03795,5.303727,q
39.25474,2.286355,q
101.385544,5.627325,q
22.639584,1.53,q
138.2,6.08,q
15.482,1.89,q
20.1,1.78,q
39.37976,2.6616585,q
12.975334,1.2355555,q
18.29199,1.2460585,q
33.355732,4.8337164,b
33.355732,5.627325,b
38.764763,1.2460585,b
38.764763,2.5498023,b
79.36458,2.7083385,b
79.36458,5.303727,b
79.36458,2.6616585,b
48.472023,1.9004242,b
48.472023,2.286355,b
48.472023,1.2355555,b
69.03795,4.8337164,b
69.03795,2.6616585,b
39.25474,2.5498023,b
39.25474,1.53,b
89.030975,5.303727,b
89.030975,5.627325,b
206.93973,2.286355,b
206.93973,1.53,b
101.385544,2.7083385,b
194.36462,1.9004242,b
194.36462,1.2460585,b
22.639584,2.286355,b
167.67143,5.303727,b
167.67143,6.08,b
167.67143,1.78,b
127.557144,1.89,b
138.2,1.78,b
20.1,6.08,b
39.37976,4.8337164,b
39.37976,5.303727,b
178.07932,2.5498023,b
178.07932,1.2355555,b
178.07932,4.8337164,b
12.975334,2.5498023,b
18.29199,1.9004242,b
/
40.947186,2.796391,q
34.140404,1.9879637,q
79.6607,4.8451757,q
48.506386,2.5461144,q
69.02815,5.2992396,q
39.295956,2.2863905,q
102.2263,5.6847005,q
22.65619,1.53,q
138.2,6.08,q
15.482,1.89,q
20.1,1.78,q
39.387688,2.665031,q
12.957495,1.2355555,q
62.17581,3.7346566,q
40.947186,4.8451757,b
40.947186,5.6847005,b
34.140404,3.7346566,b
34.140404,2.5461144,b
79.6607,2.796391,b
79.6607,5.2992396,b
79.6607,2.665031,b
48.506386,1.9879637,b
48.506386,2.2863905,b
48.506386,1.2355555,b
69.02815,4.8451757,b
69.02815,2.665031,b
39.295956,2.5461144,b
39.295956,1.53,b
89.41906,5.2992396,b
89.41906,5.6847005,b
207.10477,2.2863905,b
207.10477,1.53,b
102.2263,2.796391,b
193.16411,1.9879637,b
193.16411,3.7346566,b
22.65619,2.2863905,b
167.67143,5.2992396,b
167.67143,6.08,b
167.67143,1.78,b
127.557144,1.89,b
138.2,1.78,b
20.1,6.08,b
39.387688,4.8451757,b
39.387688,5.2992396,b
178.11665,2.5461144,b
178.11665,1.2355555,b
178.11665,4.8451757,b
12.957495,2.5461144,b
62.17581,1.9879637,b
/
40.947186,2.796391,q
34.140404,1.9879637,q
79.6607,4.8451757,q
48.506386,2.5461144,q
69.02815,5.2992396,q
39.295956,2.2863905,q
102.2263,5.6847005,q
22.65619,1.53,q
138.2,6.08,q
15.482,1.89,q
20.1,1.78,q
39.387688,2.665031,q
12.957495,1.2355555,q
62.17581,3.7346566,q
40.947186,4.8451757,b
40.947186,5.6847005,b
34.140404,3.7346566,b
34.140404,2.5461144,b
79.6607,2.796391,b
79.6607,5.2992396,b
79.6607,2.665031,b
48.506386,1.9879637,b
48.506386,2.2863905,b
48.506386,1.2355555,b
69.02815,4.8451757,b
69.02815,2.665031,b
39.295956,2.5461144,b
39.295956,1.53,b
89.41906,5.2992396,b
89.41906,5.6847005,b
207.10477,2.2863905,b
207.10477,1.53,b
102.2263,2.796391,b
193.16411,1.9879637,b
193.16411,3.7346566,b
22.65619,2.2863905,b
167.67143,5.2992396,b
167.67143,6.08,b
167.67143,1.78,b
127.557144,1.89,b
138.2,1.78,b
20.1,6.08,b
39.387688,4.8451757,b
39.387688,5.2992396,b
178.11665,2.5461144,b
178.11665,1.2355555,b
178.11665,4.8451757,b
12.957495,2.5461144,b
62.17581,1.9879637,b
/
40.863472,2.7719228,q
35.624905,1.8041703,q
78.45628,4.9379287,q
49.841087,3.804747,q
67.40707,5.519519,q
39.17034,2.3654873,q
102.24596,5.685142,q
22.70738,1.53,q
138.2,6.08,q
15.482,1.89,q
20.1,1.78,q
122.5,5.892,q
62.14842,3.7251053,q
40.863472,4.9379287,b
40.863472,5.685142,b
35.624905,3.7251053,b
35.624905,3.804747,b
78.45628,2.7719228,b
78.45628,5.519519,b
49.841087,1.8041703,b
49.841087,2.3654873,b
49.841087,5.892,b
67.40707,4.9379287,b
39.17034,3.804747,b
39.17034,1.53,b
89.439186,5.519519,b
89.439186,5.685142,b
207.04008,2.3654873,b
207.04008,1.53,b
102.24596,2.7719228,b
193.05948,1.8041703,b
193.05948,3.7251053,b
22.70738,2.3654873,b
166.75302,5.519519,b
166.75302,6.08,b
166.75302,1.78,b
126.82174,1.89,b
138.2,1.78,b
20.1,6.08,b
138.8,4.9379287,b
138.8,5.519519,b
122.5,3.804747,b
171.6,3.804747,b
171.6,5.892,b
171.6,4.9379287,b
62.14842,1.8041703,b
/
117.97917,5.4923882,q
71.15465,4.4562106,q
73.17236,5.1900883,q
48.36211,3.5690334,q
76.58972,5.133085,q
40.388493,2.427075,q
101.964355,5.898896,q
20.75,1.53,q
121.70314,5.892,q
139.00728,6.08,q
15.482,1.89,q
18.812,1.78,q
139.80891,5.1900883,b
139.80891,5.898896,b
117.97917,4.4562106,b
71.15465,5.4923882,b
71.15465,3.5690334,b
73.17236,5.133085,b
48.36211,4.4562106,b
48.36211,2.427075,b
48.36211,5.892,b
76.58972,5.1900883,b
40.388493,3.5690334,b
40.388493,1.53,b
89.75319,5.133085,b
89.75319,5.898896,b
206.89021,2.427075,b
206.89021,1.53,b
177.32387,5.4923882,b
177.32387,4.4562106,b
20.75,2.427075,b
169.37361,5.133085,b
169.37361,3.5690334,b
169.37361,5.892,b
134.92577,5.1900883,b
134.92577,5.133085,b
121.70314,3.5690334,b
166.66211,5.1900883,b
166.66211,6.08,b
166.66211,1.78,b
127.31122,1.89,b
139.00728,1.78,b
18.812,6.08,b
/
41.90462,2.8218899,q
70.55907,3.9189725,q
49.219925,3.4389,q
79.85484,5.0334496,q
69.242096,5.359701,q
36.800285,2.2050228,q
102.16206,5.694602,q
22.630703,1.53,q
34.4,2.59,q
19.1,1.1437675,q
121.527565,5.960496,q
14.492137,1.1816161,q
41.90462,3.4389,b
41.90462,5.694602,b
70.55907,1.1816161,b
70.55907,5.0334496,b
49.219925,2.8218899,b
49.219925,5.359701,b
49.219925,5.960496,b
79.85484,3.9189725,b
79.85484,2.2050228,b
69.242096,3.4389,b
36.800285,5.0334496,b
36.800285,1.53,b
89.13895,5.359701,b
89.13895,5.694602,b
206.96329,2.2050228,b
206.96329,1.53,b
102.16206,2.8218899,b
193.33817,3.9189725,b
193.33817,1.1816161,b
22.630703,2.2050228,b
175.71518,5.359701,b
175.71518,1.1437675,b
19.1,1.1437675,b
169.72096,5.0334496,b
169.72096,3.4389,b
169.72096,5.960496,b
135.77823,3.9189725,b
135.77823,5.0334496,b
121.527565,3.4389,b
14.492137,3.9189725,b
/
41.904564,2.8231368,q
70.58101,3.916975,q
49.252842,3.4554276,q
80.344315,4.959247,q
70.16698,5.3772745,q
37.200794,2.2337673,q
102.16317,5.693677,q
22.642256,1.53,q
126.82733,5.873625,q
18.744667,1.9356,q
121.51337,5.9623632,q
14.493098,1.1816084,q
41.904564,3.4554276,b
41.904564,5.693677,b
70.58101,1.1816084,b
70.58101,4.959247,b
49.252842,2.8231368,b
49.252842,5.3772745,b
49.252842,5.9623632,b
80.344315,3.916975,b
80.344315,2.2337673,b
70.16698,3.4554276,b
37.200794,4.959247,b
37.200794,1.53,b
89.22378,5.3772745,b
89.22378,5.693677,b
206.96956,2.2337673,b
206.96956,1.53,b
102.16317,2.8231368,b
193.3303,3.916975,b
193.3303,1.1816084,b
22.642256,2.2337673,b
165.95422,5.3772745,b
165.95422,5.873625,b
165.95422,1.9356,b
126.82733,1.9356,b
18.744667,5.873625,b
169.74387,4.959247,b
169.74387,3.4554276,b
169.74387,5.9623632,b
135.77953,3.916975,b
135.77953,4.959247,b
121.51337,3.4554276,b
14.493098,3.916975,b
/
117.97917,5.4923882,q
71.15465,4.4562106,q
73.17236,5.1900883,q
48.36211,3.5690334,q
76.58972,5.133085,q
40.388493,2.427075,q
101.964355,5.898896,q
20.75,1.53,q
121.70314,5.892,q
139.00728,6.08,q
15.482,1.89,q
18.812,1.78,q
139.80891,5.1900883,b
139.80891,5.898896,b
117.97917,4.4562106,b
71.15465,5.4923882,b
71.15465,3.5690334,b
73.17236,5.133085,b
48.36211,4.4562106,b
48.36211,2.427075,b
48.36211,5.892,b
76.58972,5.1900883,b
40.388493,3.5690334,b
40.388493,1.53,b
89.75319,5.133085,b
89.75319,5.898896,b
206.89021,2.427075,b
206.89021,1.53,b
177.32387,5.4923882,b
177.32387,4.4562106,b
20.75,2.427075,b
169.37361,5.133085,b
169.37361,3.5690334,b
169.37361,5.892,b
134.92577,5.1900883,b
134.92577,5.133085,b
121.70314,3.5690334,b
166.66211,5.1900883,b
166.66211,6.08,b
166.66211,1.78,b
127.31122,1.89,b
139.00728,1.78,b
18.812,6.08,b
/
123.356705,5.4702644,q
34.317383,2.8369596,q
69.72019,5.3057284,q
49.893,3.7114284,q
76.0887,5.0969834,q
40.397526,2.4293683,q
101.58316,5.84242,q
20.75,1.53,q
122.01123,5.96476,q
126.65,5.873625,q
19.75,1.9356,q
134.92856,5.3057284,b
134.92856,5.84242,b
123.356705,2.8369596,b
34.317383,5.4702644,b
34.317383,3.7114284,b
69.72019,5.0969834,b
49.893,2.8369596,b
49.893,2.4293683,b
49.893,5.96476,b
76.0887,5.3057284,b
40.397526,3.7114284,b
40.397526,1.53,b
89.65365,5.0969834,b
89.65365,5.84242,b
206.9896,2.4293683,b
206.9896,1.53,b
178.83565,5.4702644,b
178.83565,2.8369596,b
20.75,2.4293683,b
169.32736,5.0969834,b
169.32736,3.7114284,b
169.32736,5.96476,b
134.51634,5.3057284,b
134.51634,5.0969834,b
122.01123,3.7114284,b
166.4,5.3057284,b
166.4,5.873625,b
166.4,1.9356,b
126.65,1.9356,b
19.75,5.873625,b
/
135.1,6.01,q
81.7,5.3,q
49.556923,3.405,q
67.490005,5.464785,q
38.142963,2.39,q
104.7,5.72,q
20.7,1.53,q
13.283452,1.6441462,q
58.505054,3.183453,q
13.4,1.3928611,q
124.45,5.83,q
20.4,2.08,q
130.3,5.3,b
130.3,5.72,b
135.1,2.08,b
135.1,3.405,b
81.7,5.464785,b
49.556923,6.01,b
49.556923,2.39,b
49.556923,5.83,b
67.490005,5.3,b
38.142963,3.405,b
38.142963,1.53,b
89.7,5.464785,b
89.7,5.72,b
204.9,2.39,b
204.9,1.53,b
186.9,6.01,b
186.9,2.08,b
20.7,2.39,b
169.92874,5.464785,b
169.92874,1.6441462,b
169.92874,3.183453,b
58.944195,1.3928611,b
58.944195,3.183453,b
13.283452,3.183453,b
58.505054,1.6441462,b
133.6,5.3,b
133.6,5.464785,b
124.45,3.405,b
168.9,3.405,b
168.9,5.83,b
168.9,5.3,b
20.4,6.01,b
/
135.1,6.01,q
81.7,5.3,q
51.2,3.71,q
73.0,4.53,q
44.0,2.39,q
104.7,5.72,q
20.7,1.53,q
138.2,6.08,q
15.482,1.89,q
20.1,1.78,q
124.45,5.83,q
20.4,2.08,q
130.3,5.3,b
130.3,5.72,b
135.1,2.08,b
135.1,3.71,b
81.7,4.53,b
51.2,6.01,b
51.2,2.39,b
51.2,5.83,b
73.0,5.3,b
44.0,3.71,b
44.0,1.53,b
89.7,4.53,b
89.7,5.72,b
204.9,2.39,b
204.9,1.53,b
186.9,6.01,b
186.9,2.08,b
20.7,2.39,b
167.2,4.53,b
167.2,6.08,b
167.2,1.78,b
126.4,1.89,b
138.2,1.78,b
20.1,6.08,b
133.7,5.3,b
133.7,4.53,b
124.45,3.71,b
168.9,3.71,b
168.9,5.83,b
168.9,5.3,b
20.4,6.01,b
/
135.1,6.01,q
81.7,5.3,q
49.805237,3.405,q
67.703476,5.5386896,q
38.38048,2.39,q
104.7,5.72,q
20.7,1.53,q
70.820755,4.049186,q
16.955326,1.2538445,q
21.94926,1.3638391,q
124.45,5.83,q
20.4,2.08,q
130.3,5.3,b
130.3,5.72,b
135.1,2.08,b
135.1,3.405,b
81.7,5.5386896,b
49.805237,6.01,b
49.805237,2.39,b
49.805237,5.83,b
67.703476,5.3,b
38.38048,3.405,b
38.38048,1.53,b
89.7,5.5386896,b
89.7,5.72,b
204.9,2.39,b
204.9,1.53,b
186.9,6.01,b
186.9,2.08,b
20.7,2.39,b
175.93665,5.5386896,b
175.93665,4.049186,b
175.93665,1.3638391,b
75.224174,1.2538445,b
70.820755,1.3638391,b
21.94926,4.049186,b
133.6,5.3,b
133.6,5.5386896,b
124.45,3.405,b
168.9,3.405,b
168.9,5.83,b
168.9,5.3,b
20.4,6.01,b
/
33.30329,2.6749127,q
39.62021,1.8294258,q
78.424706,4.932565,q
49.70872,3.836721,q
67.69926,5.5351706,q
39.08068,2.3669953,q
101.4128,5.6287203,q
22.686512,1.53,q
126.65,5.873625,q
19.75,1.9356,q
122.024414,5.9634147,q
18.261461,1.2372967,q
33.30329,4.932565,b
33.30329,5.6287203,b
39.62021,1.2372967,b
39.62021,3.836721,b
78.424706,2.6749127,b
78.424706,5.5351706,b
49.70872,1.8294258,b
49.70872,2.3669953,b
49.70872,5.9634147,b
67.69926,4.932565,b
39.08068,3.836721,b
39.08068,1.53,b
89.03981,5.5351706,b
89.03981,5.6287203,b
206.87451,2.3669953,b
206.87451,1.53,b
101.4128,2.6749127,b
194.27597,1.8294258,b
194.27597,1.2372967,b
22.686512,2.3669953,b
166.04869,5.5351706,b
166.04869,5.873625,b
166.04869,1.9356,b
126.65,1.9356,b
19.75,5.873625,b
134.73643,4.932565,b
134.73643,5.5351706,b
122.024414,3.836721,b
171.6,3.836721,b
171.6,5.9634147,b
171.6,4.932565,b
18.261461,1.8294258,b
/
33.30392,2.674902,q
39.626213,1.8295046,q
78.43917,4.9323645,q
49.770115,3.8374355,q
67.41114,5.522578,q
39.129444,2.366562,q
101.41326,5.6287155,q
22.692411,1.53,q
138.2,6.08,q
15.482,1.89,q
20.1,1.78,q
122.5,5.892,q
18.261463,1.2372944,q
33.30392,4.9323645,b
33.30392,5.6287155,b
39.626213,1.2372944,b
39.626213,3.8374355,b
78.43917,2.674902,b
78.43917,5.522578,b
49.770115,1.8295046,b
49.770115,2.366562,b
49.770115,5.892,b
67.41114,4.9323645,b
39.129444,3.8374355,b
39.129444,1.53,b
89.05123,5.522578,b
89.05123,5.6287155,b
206.87463,2.366562,b
206.87463,1.53,b
101.41326,2.674902,b
194.27539,1.8295046,b
194.27539,1.2372944,b
22.692411,2.366562,b
166.75421,5.522578,b
166.75421,6.08,b
166.75421,1.78,b
126.82174,1.89,b
138.2,1.78,b
20.1,6.08,b
138.8,4.9323645,b
138.8,5.522578,b
122.5,3.8374355,b
171.6,3.8374355,b
171.6,5.892,b
171.6,4.9323645,b
18.261463,1.8295046,b
/
130.87643,6.01,q
77.49556,5.187185,q
48.126846,3.4642658,q
68.627365,5.3427477,q
74.127235,4.360707,q
102.34477,5.898963,q
19.72917,1.4272801,q
41.68398,2.3390908,q
26.690384,1.7,q
11.918181,0.98,q
16.271154,1.18,q
121.8,6.0466666,q
20.4,2.08,q
132.17921,5.187185,b
132.17921,5.898963,b
130.87643,2.08,b
130.87643,3.4642658,b
77.49556,5.3427477,b
48.126846,6.01,b
48.126846,4.360707,b
48.126846,6.0466666,b
68.627365,5.187185,b
74.127235,3.4642658,b
74.127235,1.4272801,b
91.920494,5.3427477,b
91.920494,5.898963,b
205.08008,4.360707,b
205.08008,1.4272801,b
181.51392,6.01,b
181.51392,2.08,b
19.72917,4.360707,b
175.1213,5.3427477,b
175.1213,1.7,b
175.1213,1.18,b
41.68398,0.98,b
26.690384,1.18,b
11.918181,2.3390908,b
16.271154,1.7,b
134.74736,5.187185,b
134.74736,5.3427477,b
121.8,3.4642658,b
170.2,3.4642658,b
170.2,6.0466666,b
170.2,5.187185,b
20.4,6.01,b
/
130.87811,6.01,q
77.494965,5.18817,q
48.102222,3.4582057,q
68.66505,5.327022,q
74.1221,4.3526945,q
102.34479,5.898921,q
19.72812,1.4271135,q
34.1,2.536739,q
18.6,1.1437675,q
121.8,6.0466666,q
20.4,2.08,q
132.17874,5.18817,b
132.17874,5.898921,b
130.87811,2.08,b
130.87811,3.4582057,b
77.494965,5.327022,b
48.102222,6.01,b
48.102222,4.3526945,b
48.102222,6.0466666,b
68.66505,5.18817,b
74.1221,3.4582057,b
74.1221,1.4271135,b
91.92219,5.327022,b
91.92219,5.898921,b
205.08078,4.3526945,b
205.08078,1.4271135,b
181.51424,6.01,b
181.51424,2.08,b
19.72812,4.3526945,b
175.7497,5.327022,b
175.7497,1.1437675,b
18.6,1.1437675,b
134.74835,5.18817,b
134.74835,5.327022,b
121.8,3.4582057,b
170.2,3.4582057,b
170.2,6.0466666,b
170.2,5.18817,b
20.4,6.01,b
/
135.3,5.824805,q
81.8,5.2207,q
51.0,3.405,q
73.0,4.53,q
44.2,2.39,q
106.7,5.892476,q
20.8,1.53,q
138.2,6.08,q
15.482,1.89,q
20.1,1.78,q
124.45,5.83,q
63.2,4.5624266,q
134.5,5.2207,b
134.5,5.892476,b
135.3,4.5624266,b
135.3,3.405,b
81.8,4.53,b
51.0,5.824805,b
51.0,2.39,b
51.0,5.83,b
73.0,5.2207,b
44.2,3.405,b
44.2,1.53,b
89.9,4.53,b
89.9,5.892476,b
204.8,2.39,b
204.8,1.53,b
184.5,5.824805,b
184.5,4.5624266,b
20.8,2.39,b
167.2,4.53,b
167.2,6.08,b
167.2,1.78,b
126.82174,1.89,b
138.2,1.78,b
20.1,6.08,b
133.5,5.2207,b
133.5,4.53,b
124.45,3.405,b
169.0,3.405,b
169.0,5.83,b
169.0,5.2207,b
63.2,5.824805,b
/
135.3,5.824805,q
81.8,5.2207,q
51.0,3.405,q
73.0,4.53,q
44.2,2.39,q
106.7,5.892476,q
20.8,1.53,q
138.2,6.08,q
15.482,1.89,q
20.1,1.78,q
124.45,5.83,q
63.2,4.5624266,q
134.5,5.2207,b
134.5,5.892476,b
135.3,4.5624266,b
135.3,3.405,b
81.8,4.53,b
51.0,5.824805,b
51.0,2.39,b
51.0,5.83,b
73.0,5.2207,b
44.2,3.405,b
44.2,1.53,b
89.9,4.53,b
89.9,5.892476,b
204.8,2.39,b
204.8,1.53,b
184.5,5.824805,b
184.5,4.5624266,b
20.8,2.39,b
167.2,4.53,b
167.2,6.08,b
167.2,1.78,b
126.4,1.89,b
138.2,1.78,b
20.1,6.08,b
133.5,5.2207,b
133.5,4.53,b
124.45,3.405,b
169.0,3.405,b
169.0,5.83,b
169.0,5.2207,b
63.2,5.824805,b
/
135.3,5.825005,q
81.8,5.220821,q
51.0,3.405,q
67.40669,4.53,q
44.1,2.39,q
106.7,5.8924627,q
20.8,1.53,q
126.65,5.873625,q
19.75,1.9356,q
124.45,5.83,q
63.2,4.5624266,q
134.5,5.220821,b
134.5,5.8924627,b
135.3,4.5624266,b
135.3,3.405,b
81.8,4.53,b
51.0,5.825005,b
51.0,2.39,b
51.0,5.83,b
67.40669,5.220821,b
44.1,3.405,b
44.1,1.53,b
89.9,4.53,b
89.9,5.8924627,b
204.8,2.39,b
204.8,1.53,b
184.5,5.825005,b
184.5,4.5624266,b
20.8,2.39,b
166.06418,4.53,b
166.06418,5.873625,b
166.06418,1.9356,b
126.65,1.9356,b
19.75,5.873625,b
133.5,5.220821,b
133.5,4.53,b
124.45,3.405,b
169.0,3.405,b
169.0,5.83,b
169.0,5.220821,b
63.2,5.825005,b
/
129.88918,5.7472105,q
76.76448,5.2884603,q
51.0,3.405,q
67.38539,4.53,q
44.1,2.39,q
102.50779,5.896035,q
20.8,1.53,q
126.65,5.873625,q
19.75,1.9356,q
124.45,5.83,q
59.411987,5.283702,q
20.718105,2.0714285,q
131.27844,5.2884603,b
131.27844,5.896035,b
129.88918,5.283702,b
129.88918,3.405,b
76.76448,4.53,b
51.0,5.7472105,b
51.0,2.39,b
51.0,5.83,b
67.38539,5.2884603,b
44.1,3.405,b
44.1,1.53,b
89.9,4.53,b
89.9,5.896035,b
204.8,2.39,b
204.8,1.53,b
179.67752,5.7472105,b
179.67752,5.283702,b
20.8,2.39,b
166.0631,4.53,b
166.0631,5.873625,b
166.0631,1.9356,b
126.65,1.9356,b
19.75,5.873625,b
133.5,5.2884603,b
133.5,4.53,b
124.45,3.405,b
169.0,3.405,b
169.0,5.83,b
169.0,5.2884603,b
59.411987,5.7472105,b
170.41304,5.283702,b
/
119.66404,5.6136765,q
70.92254,5.6557517,q
78.36804,4.8960958,q
47.6159,3.6129818,q
67.51538,5.55569,q
38.69056,2.3810086,q
101.89885,5.873912,q
20.75,1.53,q
126.65,5.873625,q
19.75,1.9356,q
121.68856,6.0070195,q
20.8,2.11,q
136.66855,4.8960958,b
136.66855,5.873912,b
119.66404,5.6557517,b
70.92254,5.6136765,b
70.92254,3.6129818,b
78.36804,5.55569,b
47.6159,5.6557517,b
47.6159,2.3810086,b
47.6159,6.0070195,b
67.51538,4.8960958,b
38.69056,3.6129818,b
38.69056,1.53,b
89.92244,5.55569,b
89.92244,5.873912,b
206.64658,2.3810086,b
206.64658,1.53,b
176.68213,5.6136765,b
176.68213,5.6557517,b
20.75,2.3810086,b
165.96967,5.55569,b
165.96967,5.873625,b
165.96967,1.9356,b
126.65,1.9356,b
19.75,5.873625,b
134.17075,4.8960958,b
134.17075,5.55569,b
121.68856,3.6129818,b
168.78137,3.6129818,b
168.78137,6.0070195,b
168.78137,4.8960958,b
168.99055,5.6557517,b
/
135.3,5.824805,q
81.8,5.2207,q
51.0,3.405,q
73.0,4.53,q
44.2,2.39,q
106.7,5.892476,q
20.8,1.53,q
138.2,6.08,q
15.482,1.89,q
20.1,1.78,q
124.45,5.83,q
63.2,4.5624266,q
134.5,5.2207,b
134.5,5.892476,b
135.3,4.5624266,b
135.3,3.405,b
81.8,4.53,b
51.0,5.824805,b
51.0,2.39,b
51.0,5.83,b
73.0,5.2207,b
44.2,3.405,b
44.2,1.53,b
89.9,4.53,b
89.9,5.892476,b
204.8,2.39,b
204.8,1.53,b
184.5,5.824805,b
184.5,4.5624266,b
20.8,2.39,b
167.2,4.53,b
167.2,6.08,b
167.2,1.78,b
126.4,1.89,b
138.2,1.78,b
20.1,6.08,b
133.5,5.2207,b
133.5,4.53,b
124.45,3.405,b
169.0,3.405,b
169.0,5.83,b
169.0,5.2207,b
63.2,5.824805,b
/
135.3,5.824805,q
81.8,5.2207,q
51.0,3.405,q
73.0,4.53,q
44.2,2.39,q
106.7,5.892476,q
20.8,1.53,q
138.2,6.08,q
15.482,1.89,q
20.1,1.78,q
124.45,5.83,q
63.2,4.5624266,q
134.5,5.2207,b
134.5,5.892476,b
135.3,4.5624266,b
135.3,3.405,b
81.8,4.53,b
51.0,5.824805,b
51.0,2.39,b
51.0,5.83,b
73.0,5.2207,b
44.2,3.405,b
44.2,1.53,b
89.9,4.53,b
89.9,5.892476,b
204.8,2.39,b
204.8,1.53,b
184.5,5.824805,b
184.5,4.5624266,b
20.8,2.39,b
167.2,4.53,b
167.2,6.08,b
167.2,1.78,b
126.4,1.89,b
138.2,1.78,b
20.1,6.08,b
133.5,5.2207,b
133.5,4.53,b
124.45,3.405,b
169.0,3.405,b
169.0,5.83,b
169.0,5.2207,b
63.2,5.824805,b
/
135.1,6.01,q
81.7,5.3,q
51.2,3.71,q
67.48638,4.53,q
44.1,2.39,q
104.7,5.72,q
20.7,1.53,q
125.931656,5.8826575,q
33.761,2.6989193,q
43.28733,2.3009703,q
37.402992,2.6676216,q
101.89296,5.6490364,q
39.144104,2.3634238,q
67.985275,5.5120096,q
49.08034,3.577785,q
79.86639,4.985972,q
121.78571,5.985897,q
126.65,5.873625,q
19.75,1.9356,q
22.663221,1.53,q
16.056395,1.1943228,q
124.45,5.83,q
20.4,2.08,q
130.3,5.3,b
130.3,5.72,b
135.1,2.08,b
135.1,3.71,b
81.7,4.53,b
51.2,6.01,b
51.2,2.39,b
51.2,5.83,b
67.48638,5.3,b
44.1,3.71,b
44.1,1.53,b
89.7,4.53,b
89.7,5.72,b
204.9,2.39,b
204.9,1.53,b
186.9,6.01,b
186.9,2.08,b
20.7,2.39,b
165.8238,4.53,b
165.8238,5.8826575,b
165.8238,2.6989193,b
138.18932,2.3009703,b
125.931656,2.6989193,b
33.761,5.8826575,b
33.761,2.6676216,b
33.761,4.985972,b
43.28733,1.1943228,b
43.28733,3.577785,b
37.402992,2.6989193,b
37.402992,4.985972,b
37.402992,5.6490364,b
193.48413,2.3009703,b
193.48413,1.1943228,b
101.89296,2.6676216,b
206.97949,2.3634238,b
206.97949,1.53,b
89.139694,5.6490364,b
89.139694,5.5120096,b
39.144104,1.53,b
39.144104,3.577785,b
67.985275,4.985972,b
49.08034,2.3634238,b
49.08034,2.3009703,b
49.08034,5.985897,b
79.86639,5.5120096,b
79.86639,2.6989193,b
79.86639,2.6676216,b
169.52858,4.985972,b
169.52858,3.577785,b
169.52858,5.985897,b
135.02074,5.5120096,b
135.02074,4.985972,b
121.78571,3.577785,b
166.0173,5.5120096,b
166.0173,5.873625,b
166.0173,1.9356,b
126.65,1.9356,b
19.75,5.873625,b
22.663221,2.3634238,b
16.056395,2.3009703,b
133.7,5.3,b
133.7,4.53,b
124.45,3.71,b
168.9,3.71,b
168.9,5.83,b
168.9,5.3,b
20.4,6.01,b
/
33.30392,2.674902,q
39.626213,1.8295046,q
78.43917,4.9323645,q
49.770115,3.8374355,q
67.41114,5.522578,q
39.129444,2.366562,q
101.41326,5.6287155,q
22.692411,1.53,q
138.2,6.08,q
15.482,1.89,q
20.1,1.78,q
122.01875,5.963471,q
18.261463,1.2372944,q
33.30392,4.9323645,b
33.30392,5.6287155,b
39.626213,1.2372944,b
39.626213,3.8374355,b
78.43917,2.674902,b
78.43917,5.522578,b
49.770115,1.8295046,b
49.770115,2.366562,b
49.770115,5.963471,b
67.41114,4.9323645,b
39.129444,3.8374355,b
39.129444,1.53,b
89.05123,5.522578,b
89.05123,5.6287155,b
206.87463,2.366562,b
206.87463,1.53,b
101.41326,2.674902,b
194.27539,1.8295046,b
194.27539,1.2372944,b
22.692411,2.366562,b
166.75421,5.522578,b
166.75421,6.08,b
166.75421,1.78,b
126.4,1.89,b
138.2,1.78,b
20.1,6.08,b
134.75261,4.9323645,b
134.75261,5.522578,b
122.01875,3.8374355,b
171.6,3.8374355,b
171.6,5.963471,b
171.6,4.9323645,b
18.261463,1.8295046,b
/
33.30329,2.6749127,q
39.62021,1.8294258,q
78.424706,4.932565,q
49.70872,3.836721,q
67.69926,5.5351706,q
39.08068,2.3669953,q
101.4128,5.6287203,q
22.686512,1.53,q
126.65,5.873625,q
19.75,1.9356,q
122.5,5.892,q
18.261461,1.2372967,q
33.30329,4.932565,b
33.30329,5.6287203,b
39.62021,1.2372967,b
39.62021,3.836721,b
78.424706,2.6749127,b
78.424706,5.5351706,b
49.70872,1.8294258,b
49.70872,2.3669953,b
49.70872,5.892,b
67.69926,4.932565,b
39.08068,3.836721,b
39.08068,1.53,b
89.03981,5.5351706,b
89.03981,5.6287203,b
206.87451,2.3669953,b
206.87451,1.53,b
101.4128,2.6749127,b
194.27597,1.8294258,b
194.27597,1.2372967,b
22.686512,2.3669953,b
166.04869,5.5351706,b
166.04869,5.873625,b
166.04869,1.9356,b
126.65,1.9356,b
19.75,5.873625,b
134.73643,4.932565,b
134.73643,5.5351706,b
122.5,3.836721,b
171.6,3.836721,b
171.6,5.892,b
171.6,4.932565,b
18.261461,1.8294258,b
/
129.92662,5.9222574,q
78.04408,5.3862643,q
53.366707,2.689365,q
77.07455,4.5621004,q
40.671234,2.2297332,q
102.384995,5.8918767,q
20.75,1.53,q
18.051325,1.161564,q
121.818436,5.5025234,q
13.713974,1.7893903,q
12.784609,1.7071083,q
59.4452,5.267156,q
20.718105,2.0714285,q
131.70248,5.3862643,b
131.70248,5.8918767,b
129.92662,5.267156,b
129.92662,2.689365,b
78.04408,4.5621004,b
53.366707,5.9222574,b
53.366707,2.2297332,b
53.366707,1.161564,b
77.07455,5.3862643,b
40.671234,2.689365,b
40.671234,1.53,b
90.44289,4.5621004,b
90.44289,5.8918767,b
204.8,2.2297332,b
204.8,1.53,b
179.71194,5.9222574,b
179.71194,5.267156,b
20.75,2.2297332,b
106.93423,4.5621004,b
106.93423,2.689365,b
106.93423,1.161564,b
106.93423,5.5025234,b
106.93423,1.7071083,b
58.713123,5.3862643,b
58.713123,4.5621004,b
176.07295,2.689365,b
176.07295,1.161564,b
176.07295,5.3862643,b
18.051325,2.689365,b
136.62283,1.7893903,b
121.818436,1.7071083,b
12.784609,5.5025234,b
59.4452,5.9222574,b
170.41068,5.267156,b
/
33.316204,2.696673,q
39.174294,1.889875,q
80.34245,4.721314,q
55.23905,2.652894,q
77.76428,4.4625726,q
41.064598,2.181542,q
101.337685,5.633624,q
22.547186,1.53,q
16.28965,1.2217366,q
34.32669,2.1399229,q
16.317547,0.98456514,q
16.317545,0.98456514,q
18.242832,1.2367275,q
33.316204,4.721314,b
33.316204,5.633624,b
39.174294,1.2367275,b
39.174294,2.652894,b
80.34245,2.696673,b
80.34245,4.4625726,b
55.23905,1.889875,b
55.23905,2.181542,b
55.23905,1.2217366,b
77.76428,4.721314,b
41.064598,2.652894,b
41.064598,1.53,b
89.18753,4.4625726,b
89.18753,5.633624,b
207.13245,2.181542,b
207.13245,1.53,b
101.337685,2.696673,b
194.3462,1.889875,b
194.3462,1.2367275,b
22.547186,2.181542,b
107.245255,4.4625726,b
107.245255,2.652894,b
107.245255,1.2217366,b
107.245255,0.98456514,b
57.76183,2.1399229,b
57.76183,4.721314,b
57.76183,4.4625726,b
177.0787,2.652894,b
177.0787,1.2217366,b
177.0787,4.721314,b
16.28965,2.652894,b
16.317547,0.98456514,b
16.317545,0.98456514,b
18.242832,1.889875,b
/
33.302383,2.69493,q
39.23606,1.8584799,q
80.15423,4.7614117,q
54.027832,2.606729,q
77.03418,4.5489674,q
40.76097,2.1847336,q
101.34002,5.6300135,q
22.533833,1.53,q
17.655788,1.1503851,q
113.32589,5.186639,q
17.903784,1.8132845,q
18.237862,1.2373841,q
33.302383,4.7614117,b
33.302383,5.6300135,b
39.23606,1.2373841,b
39.23606,2.606729,b
80.15423,2.69493,b
80.15423,4.5489674,b
54.027832,1.8584799,b
54.027832,2.1847336,b
54.027832,1.1503851,b
77.03418,4.7614117,b
40.76097,2.606729,b
40.76097,1.53,b
89.20456,4.5489674,b
89.20456,5.6300135,b
207.0951,2.1847336,b
207.0951,1.53,b
101.34002,2.69493,b
194.34122,1.8584799,b
194.34122,1.2373841,b
22.533833,2.1847336,b
106.65743,4.5489674,b
106.65743,2.606729,b
106.65743,1.1503851,b
106.65743,5.186639,b
106.65743,1.8132845,b
58.10491,4.7614117,b
58.10491,4.5489674,b
176.50426,2.606729,b
176.50426,1.1503851,b
176.50426,4.7614117,b
17.655788,2.606729,b
113.32589,1.8132845,b
17.903784,5.186639,b
18.237862,1.8584799,b
/
128.11217,5.971139,q
77.76051,5.2840805,q
53.211773,2.6875434,q
76.71474,4.5000587,q
40.469276,2.22845,q
106.7,5.888766,q
20.75,1.53,q
19.214796,1.165534,q
60.463722,3.6528015,q
15.745056,1.1771765,q
122.332664,5.482709,q
13.4663515,1.7978287,q
14.506587,1.7378368,q
63.2,4.520924,q
136.30579,5.2840805,b
136.30579,5.888766,b
128.11217,4.520924,b
128.11217,2.6875434,b
77.76051,4.5000587,b
53.211773,5.971139,b
53.211773,2.22845,b
53.211773,1.165534,b
76.71474,5.2840805,b
40.469276,2.6875434,b
40.469276,1.53,b
90.289474,4.5000587,b
90.289474,5.888766,b
204.8,2.22845,b
204.8,1.53,b
180.81773,5.971139,b
180.81773,4.520924,b
20.75,2.22845,b
109.92427,4.5000587,b
109.92427,2.6875434,b
109.92427,1.165534,b
109.92427,3.6528015,b
109.92427,5.482709,b
109.92427,1.7378368,b
58.292408,5.2840805,b
58.292408,4.5000587,b
175.0958,2.6875434,b
175.0958,1.165534,b
175.0958,5.2840805,b
19.214796,2.6875434,b
135.3174,1.7978287,b
122.332664,1.7378368,b
14.506587,5.482709,b
63.2,5.971139,b
/
130.29556,5.5752077,q
78.56245,5.236281,q
53.572144,2.672254,q
77.08436,4.5537176,q
40.685844,2.2295206,q
104.7,5.72,q
20.75,1.53,q
18.044338,1.1588382,q
121.817154,5.5025415,q
13.713938,1.7893864,q
12.783903,1.7069775,q
20.4,2.08,q
132.63632,5.236281,b
132.63632,5.72,b
130.29556,2.08,b
130.29556,2.672254,b
78.56245,4.5537176,b
53.572144,5.5752077,b
53.572144,2.2295206,b
53.572144,1.1588382,b
77.08436,5.236281,b
40.685844,2.672254,b
40.685844,1.53,b
90.071815,4.5537176,b
90.071815,5.72,b
204.9,2.2295206,b
204.9,1.53,b
181.56915,5.5752077,b
181.56915,2.08,b
20.75,2.2295206,b
106.92992,4.5537176,b
106.92992,2.672254,b
106.92992,1.1588382,b
106.92992,5.5025415,b
106.92992,1.7069775,b
58.680023,5.236281,b
58.680023,4.5537176,b
176.14569,2.672254,b
176.14569,1.1588382,b
176.14569,5.236281,b
18.044338,2.672254,b
136.62425,1.7893864,b
121.817154,1.7069775,b
12.783903,5.5025415,b
20.4,5.5752077,b
/
130.26411,5.575375,q
78.29828,5.223084,q
53.395393,2.6762755,q
76.57854,4.493697,q
40.435093,2.2237306,q
104.7,5.72,q
20.75,1.53,q
19.374641,1.1770241,q
50.575798,3.1682136,q
122.67245,5.481183,q
13.468884,1.8048675,q
14.29661,1.7275496,q
20.4,2.08,q
132.6379,5.223084,b
132.6379,5.72,b
130.26411,2.08,b
130.26411,2.6762755,b
78.29828,4.493697,b
53.395393,5.575375,b
53.395393,2.2237306,b
53.395393,1.1770241,b
76.57854,5.223084,b
40.435093,2.6762755,b
40.435093,1.53,b
90.045685,4.493697,b
90.045685,5.72,b
204.9,2.2237306,b
204.9,1.53,b
181.56427,5.575375,b
181.56427,2.08,b
20.75,2.2237306,b
110.28994,4.493697,b
110.28994,2.6762755,b
110.28994,1.1770241,b
110.28994,3.1682136,b
110.28994,5.481183,b
110.28994,1.7275496,b
58.15969,5.223084,b
58.15969,4.493697,b
175.17029,2.6762755,b
175.17029,1.1770241,b
175.17029,5.223084,b
19.374641,2.6762755,b
135.1836,1.8048675,b
122.67245,1.7275496,b
14.29661,5.481183,b
20.4,5.575375,b
/
40.128624,2.7799108,q
72.210205,3.9056466,q
81.86294,4.7387433,q
53.096382,2.8102272,q
78.26404,4.456781,q
41.026226,2.1658378,q
102.19258,5.685649,q
22.570656,1.53,q
15.975761,1.2382386,q
34.321117,2.149226,q
16.320223,0.9861854,q
16.320225,0.9861854,q
14.477071,1.2185999,q
40.128624,4.7387433,b
40.128624,5.685649,b
72.210205,1.2185999,b
72.210205,2.8102272,b
81.86294,2.7799108,b
81.86294,4.456781,b
53.096382,3.9056466,b
53.096382,2.1658378,b
53.096382,1.2382386,b
78.26404,4.7387433,b
41.026226,2.8102272,b
41.026226,1.53,b
89.5578,4.456781,b
89.5578,5.685649,b
207.26566,2.1658378,b
207.26566,1.53,b
102.19258,2.7799108,b
193.62906,3.9056466,b
193.62906,1.2185999,b
22.570656,2.1658378,b
107.22068,4.456781,b
107.22068,2.8102272,b
107.22068,1.2382386,b
107.22068,0.9861854,b
58.303772,2.149226,b
58.303772,4.7387433,b
58.303772,4.456781,b
177.90816,2.8102272,b
177.90816,1.2382386,b
177.90816,4.7387433,b
15.975761,2.8102272,b
16.320223,0.9861854,b
16.320225,0.9861854,b
14.477071,3.9056466,b
/
33.302383,2.69493,q
39.23606,1.8584799,q
80.15423,4.7614117,q
54.027832,2.606729,q
77.03418,4.5489674,q
40.76097,2.1847336,q
101.34002,5.6300135,q
22.533833,1.53,q
17.655788,1.1503851,q
113.32589,5.186639,q
17.903784,1.8132845,q
18.237862,1.2373841,q
33.302383,4.7614117,b
33.302383,5.6300135,b
39.23606,1.2373841,b
39.23606,2.606729,b
80.15423,2.69493,b
80.15423,4.5489674,b
54.027832,1.8584799,b
54.027832,2.1847336,b
54.027832,1.1503851,b
77.03418,4.7614117,b
40.76097,2.606729,b
40.76097,1.53,b
89.20456,4.5489674,b
89.20456,5.6300135,b
207.0951,2.1847336,b
207.0951,1.53,b
101.34002,2.69493,b
194.34122,1.8584799,b
194.34122,1.2373841,b
22.533833,2.1847336,b
106.65743,4.5489674,b
106.65743,2.606729,b
106.65743,1.1503851,b
106.65743,5.186639,b
106.65743,1.8132845,b
58.10491,4.7614117,b
58.10491,4.5489674,b
176.50426,2.606729,b
176.50426,1.1503851,b
176.50426,4.7614117,b
17.655788,2.606729,b
113.32589,1.8132845,b
17.903784,5.186639,b
18.237862,1.8584799,b
/
33.355732,2.7083385,q
38.764763,1.9004242,q
79.36458,4.8337164,q
48.472023,2.5498023,q
69.03795,5.303727,q
39.25474,2.286355,q
101.385544,5.627325,q
22.639584,1.53,q
138.2,6.08,q
15.482,1.89,q
20.1,1.78,q
39.37976,2.6616585,q
12.975334,1.2355555,q
18.29199,1.2460585,q
33.355732,4.8337164,b
33.355732,5.627325,b
38.764763,1.2460585,b
38.764763,2.5498023,b
79.36458,2.7083385,b
79.36458,5.303727,b
79.36458,2.6616585,b
48.472023,1.9004242,b
48.472023,2.286355,b
48.472023,1.2355555,b
69.03795,4.8337164,b
69.03795,2.6616585,b
39.25474,2.5498023,b
39.25474,1.53,b
89.030975,5.303727,b
89.030975,5.627325,b
206.93973,2.286355,b
206.93973,1.53,b
101.385544,2.7083385,b
194.36462,1.9004242,b
194.36462,1.2460585,b
22.639584,2.286355,b
167.67143,5.303727,b
167.67143,6.08,b
167.67143,1.78,b
127.557144,1.89,b
138.2,1.78,b
20.1,6.08,b
39.37976,4.8337164,b
39.37976,5.303727,b
178.07932,2.5498023,b
178.07932,1.2355555,b
178.07932,4.8337164,b
12.975334,2.5498023,b
18.29199,1.9004242,b
/
33.268974,2.6922631,q
39.201065,1.8576577,q
79.88397,4.7495227,q
53.57876,2.610107,q
76.67434,4.4587812,q
40.458572,2.1677752,q
101.33734,5.628761,q
22.51966,1.53,q
18.719784,1.2000167,q
50.545525,3.1772308,q
122.61782,5.4824805,q
13.467563,1.8044932,q
14.2917,1.7335085,q
18.231655,1.236945,q
33.268974,4.7495227,b
33.268974,5.628761,b
39.201065,1.236945,b
39.201065,2.610107,b
79.88397,2.6922631,b
79.88397,4.4587812,b
53.57876,1.8576577,b
53.57876,2.1677752,b
53.57876,1.2000167,b
76.67434,4.7495227,b
40.458572,2.610107,b
40.458572,1.53,b
89.174355,4.4587812,b
89.174355,5.628761,b
207.04846,2.1677752,b
207.04846,1.53,b
101.33734,2.6922631,b
194.33371,1.8576577,b
194.33371,1.236945,b
22.51966,2.1677752,b
110.428345,4.4587812,b
110.428345,2.610107,b
110.428345,1.2000167,b
110.428345,3.1772308,b
110.428345,5.4824805,b
110.428345,1.7335085,b
57.8854,4.7495227,b
57.8854,4.4587812,b
175.47237,2.610107,b
175.47237,1.2000167,b
175.47237,4.7495227,b
18.719784,2.610107,b
135.20671,1.8044932,b
122.61782,1.7335085,b
14.2917,5.4824805,b
18.231655,1.8576577,b
/
33.28173,2.6982126,q
39.09838,1.9114602,q
80.30511,4.7724204,q
54.58213,2.6256452,q
78.63866,4.565602,q
40.927574,2.238151,q
101.3418,5.635352,q
22.534943,1.53,q
16.855946,1.0722761,q
52.45883,2.7755613,q
15.790965,1.4564631,q
18.23811,1.2369947,q
33.28173,4.7724204,b
33.28173,5.635352,b
39.09838,1.2369947,b
39.09838,2.6256452,b
80.30511,2.6982126,b
80.30511,4.565602,b
54.58213,1.9114602,b
54.58213,2.238151,b
54.58213,1.0722761,b
78.63866,4.7724204,b
40.927574,2.6256452,b
40.927574,1.53,b
89.20415,4.565602,b
89.20415,5.635352,b
207.0821,2.238151,b
207.0821,1.53,b
101.3418,2.6982126,b
194.33583,1.9114602,b
194.33583,1.2369947,b
22.534943,2.238151,b
106.15922,4.565602,b
106.15922,2.6256452,b
106.15922,1.0722761,b
106.15922,2.7755613,b
106.15922,1.4564631,b
56.629295,4.7724204,b
56.629295,4.565602,b
175.67934,2.6256452,b
175.67934,1.0722761,b
175.67934,4.7724204,b
16.855946,2.6256452,b
60.48356,2.7755613,b
52.45883,1.4564631,b
15.790965,2.7755613,b
18.23811,1.9114602,b
/
129.92662,5.9222574,q
78.04408,5.3862643,q
53.366707,2.689365,q
77.07455,4.5621004,q
40.671234,2.2297332,q
102.384995,5.8918767,q
20.75,1.53,q
18.051325,1.161564,q
121.818436,5.5025234,q
13.713974,1.7893903,q
12.784609,1.7071083,q
59.4452,5.267156,q
20.718105,2.0714285,q
131.70248,5.3862643,b
131.70248,5.8918767,b
129.92662,5.267156,b
129.92662,2.689365,b
78.04408,4.5621004,b
53.366707,5.9222574,b
53.366707,2.2297332,b
53.366707,1.161564,b
77.07455,5.3862643,b
40.671234,2.689365,b
40.671234,1.53,b
90.44289,4.5621004,b
90.44289,5.8918767,b
204.8,2.2297332,b
204.8,1.53,b
179.71194,5.9222574,b
179.71194,5.267156,b
20.75,2.2297332,b
106.93423,4.5621004,b
106.93423,2.689365,b
106.93423,1.161564,b
106.93423,5.5025234,b
106.93423,1.7071083,b
58.713123,5.3862643,b
58.713123,4.5621004,b
176.07295,2.689365,b
176.07295,1.161564,b
176.07295,5.3862643,b
18.051325,2.689365,b
136.62283,1.7893903,b
121.818436,1.7071083,b
12.784609,5.5025234,b
59.4452,5.9222574,b
170.41068,5.267156,b
/
129.97147,5.9692473,q
78.171486,5.3886046,q
54.613457,2.6807294,q
77.85482,4.4912043,q
40.872887,2.2069964,q
102.37977,5.8958173,q
20.75,1.53,q
16.367228,1.2085588,q
39.473038,1.791756,q
13.005069,0.98884076,q
23.716236,1.3585168,q
12.164216,0.8564695,q
59.447533,5.2698345,q
20.718105,2.0714285,q
131.66281,5.3886046,b
131.66281,5.8958173,b
129.97147,5.2698345,b
129.97147,2.6807294,b
78.171486,4.4912043,b
54.613457,5.9692473,b
54.613457,2.2069964,b
54.613457,1.2085588,b
77.85482,5.3886046,b
40.872887,2.6807294,b
40.872887,1.53,b
90.407326,4.4912043,b
90.407326,5.8958173,b
204.8,2.2069964,b
204.8,1.53,b
179.71985,5.9692473,b
179.71985,5.2698345,b
20.75,2.2069964,b
106.79213,4.4912043,b
106.79213,2.6807294,b
106.79213,1.2085588,b
106.79213,0.98884076,b
106.79213,1.3585168,b
57.986195,1.791756,b
57.986195,5.3886046,b
57.986195,4.4912043,b
176.30838,2.6807294,b
176.30838,1.2085588,b
176.30838,5.3886046,b
16.367228,2.6807294,b
39.473038,0.8564695,b
13.005069,1.3585168,b
23.716236,0.98884076,b
12.164216,1.791756,b
59.447533,5.9692473,b
170.41095,5.2698345,b
/
129.92172,5.9228134,q
78.04703,5.385966,q
53.38921,2.6997275,q
77.09789,4.5696483,q
40.682476,2.2305717,q
102.38482,5.8918386,q
20.75,1.53,q
18.190176,1.1658757,q
113.38835,5.1866784,q
17.92345,1.80992,q
59.445198,5.267156,q
20.718105,2.0714285,q
131.7023,5.385966,b
131.7023,5.8918386,b
129.92172,5.267156,b
129.92172,2.6997275,b
78.04703,4.5696483,b
53.38921,5.9228134,b
53.38921,2.2305717,b
53.38921,1.1658757,b
77.09789,5.385966,b
40.682476,2.6997275,b
40.682476,1.53,b
90.44065,4.5696483,b
90.44065,5.8918386,b
204.8,2.2305717,b
204.8,1.53,b
179.7125,5.9228134,b
179.7125,5.267156,b
20.75,2.2305717,b
106.548416,4.5696483,b
106.548416,2.6997275,b
106.548416,1.1658757,b
106.548416,5.1866784,b
106.548416,1.80992,b
58.441246,5.385966,b
58.441246,4.5696483,b
176.05576,2.6997275,b
176.05576,1.1658757,b
176.05576,5.385966,b
18.190176,2.6997275,b
113.38835,1.80992,b
17.92345,5.1866784,b
59.445198,5.9228134,b
170.41072,5.267156,b
/
128.15594,5.9721417,q
77.959946,5.299861,q
53.432594,2.6794517,q
77.07847,4.5586,q
40.694435,2.2311258,q
106.7,5.8899374,q
20.75,1.53,q
18.045033,1.1602625,q
121.81797,5.5025153,q
13.713962,1.7893851,q
12.784492,1.7070717,q
63.2,4.5213213,q
136.30266,5.299861,b
136.30266,5.8899374,b
128.15594,4.5213213,b
128.15594,2.6794517,b
77.959946,4.5586,b
53.432594,5.9721417,b
53.432594,2.2311258,b
53.432594,1.1602625,b
77.07847,5.299861,b
40.694435,2.6794517,b
40.694435,1.53,b
90.31479,4.5586,b
90.31479,5.8899374,b
204.8,2.2311258,b
204.8,1.53,b
180.82364,5.9721417,b
180.82364,4.5213213,b
20.75,2.2311258,b
106.935,4.5586,b
106.935,2.6794517,b
106.935,1.1602625,b
106.935,5.5025153,b
106.935,1.7070717,b
58.713562,5.299861,b
58.713562,4.5586,b
176.11813,2.6794517,b
176.11813,1.1602625,b
176.11813,5.299861,b
18.045033,2.6794517,b
136.62352,1.7893851,b
121.81797,1.7070717,b
12.784492,5.5025153,b
63.2,5.9721417,b
/
128.17264,6.023423,q
78.087814,5.301255,q
54.707317,2.672214,q
77.85081,4.4875026,q
40.89647,2.210038,q
106.7,5.8934913,q
20.75,1.53,q
16.366179,1.2066727,q
39.472824,1.7916743,q
13.005098,0.9887961,q
23.71641,1.358496,q
12.164236,0.85647,q
63.2,4.5232882,q
136.2707,5.301255,b
136.2707,5.8934913,b
128.17264,4.5232882,b
128.17264,2.672214,b
78.087814,4.4875026,b
54.707317,6.023423,b
54.707317,2.210038,b
54.707317,1.2066727,b
77.85081,5.301255,b
40.89647,2.672214,b
40.89647,1.53,b
90.27736,4.4875026,b
90.27736,5.8934913,b
204.8,2.210038,b
204.8,1.53,b
180.82848,6.023423,b
180.82848,4.5232882,b
20.75,2.210038,b
106.79381,4.4875026,b
106.79381,2.672214,b
106.79381,1.2066727,b
106.79381,0.9887961,b
106.79381,1.358496,b
57.989002,1.7916743,b
57.989002,5.301255,b
57.989002,4.4875026,b
176.34947,2.672214,b
176.34947,1.2066727,b
176.34947,5.301255,b
16.366179,2.672214,b
39.472824,0.85647,b
13.005098,1.358496,b
23.71641,0.9887961,b
12.164236,1.7916743,b
63.2,6.023423,b
/
128.15259,5.9728994,q
77.9633,5.299242,q
53.459442,2.690448,q
77.099396,4.566678,q
40.70539,2.231898,q
106.7,5.8898854,q
20.75,1.53,q
18.186354,1.164613,q
113.38777,5.186678,q
17.923534,1.8098872,q
63.2,4.52131,q
136.30157,5.299242,b
136.30157,5.8898854,b
128.15259,4.52131,b
128.15259,2.690448,b
77.9633,4.566678,b
53.459442,5.9728994,b
53.459442,2.231898,b
53.459442,1.164613,b
77.099396,5.299242,b
40.70539,2.690448,b
40.70539,1.53,b
90.31205,4.566678,b
90.31205,5.8898854,b
204.8,2.231898,b
204.8,1.53,b
180.8242,5.9728994,b
180.8242,4.52131,b
20.75,2.231898,b
106.54775,4.566678,b
106.54775,2.690448,b
106.54775,1.164613,b
106.54775,5.186678,b
106.54775,1.8098872,b
58.443462,5.299242,b
58.443462,4.566678,b
176.10118,2.690448,b
176.10118,1.164613,b
176.10118,5.299242,b
18.186354,2.690448,b
113.38777,1.8098872,b
17.923534,5.186678,b
63.2,5.9728994,b
/
130.29347,5.6020336,q
78.72402,5.2555413,q
54.585297,2.6956306,q
77.78383,4.481441,q
40.505047,2.206713,q
104.7,5.72,q
20.75,1.53,q
17.368053,1.2713226,q
16.722574,1.440604,q
70.09636,3.9738533,q
17.43802,1.3268747,q
20.4,2.08,q
132.62573,5.2555413,b
132.62573,5.72,b
130.29347,2.08,b
130.29347,2.6956306,b
78.72402,4.481441,b
54.585297,5.6020336,b
54.585297,2.206713,b
54.585297,1.2713226,b
77.78383,5.2555413,b
40.505047,2.6956306,b
40.505047,1.53,b
90.04954,4.481441,b
90.04954,5.72,b
204.9,2.206713,b
204.9,1.53,b
181.57018,5.6020336,b
181.57018,2.08,b
20.75,2.206713,b
105.070786,4.481441,b
105.070786,2.6956306,b
105.070786,1.2713226,b
105.070786,1.440604,b
105.070786,3.9738533,b
57.303265,5.2555413,b
57.303265,4.481441,b
176.5695,2.6956306,b
176.5695,1.2713226,b
176.5695,5.2555413,b
17.368053,2.6956306,b
77.59397,1.3268747,b
16.722574,3.9738533,b
70.09636,1.440604,b
20.4,5.6020336,b
/
130.2261,5.5991645,q
78.77515,5.2663617,q
54.058495,2.705938,q
78.664085,4.5476327,q
40.84519,2.2587826,q
104.7,5.72,q
20.75,1.53,q
17.21805,1.0901754,q
58.75892,3.2074075,q
15.739258,1.4119093,q
13.408348,1.4774497,q
20.4,2.08,q
132.69363,5.2663617,b
132.69363,5.72,b
130.2261,2.08,b
130.2261,2.705938,b
78.77515,4.5476327,b
54.058495,5.5991645,b
54.058495,2.2587826,b
54.058495,1.0901754,b
78.664085,5.2663617,b
40.84519,2.705938,b
40.84519,1.53,b
90.06358,4.5476327,b
90.06358,5.72,b
204.9,2.2587826,b
204.9,1.53,b
181.55954,5.5991645,b
181.55954,2.08,b
20.75,2.2587826,b
105.84941,4.5476327,b
105.84941,2.705938,b
105.84941,1.0901754,b
105.84941,3.2074075,b
105.84941,1.4774497,b
56.97826,5.2663617,b
56.97826,4.5476327,b
175.43822,2.705938,b
175.43822,1.0901754,b
175.43822,5.2663617,b
17.21805,2.705938,b
64.63866,1.4119093,b
64.63866,3.2074075,b
58.75892,1.4774497,b
13.408348,3.2074075,b
20.4,5.5991645,b
/
130.2261,5.5991645,q
78.77513,5.2663617,q
54.058495,2.7059383,q
78.664085,4.5476327,q
40.84519,2.2587826,q
104.7,5.72,q
20.75,1.53,q
17.218052,1.0901756,q
13.408346,1.4774497,q
58.75892,3.2074077,q
15.739258,1.4119095,q
20.4,2.08,q
132.69363,5.2663617,b
132.69363,5.72,b
130.2261,2.08,b
130.2261,2.7059383,b
78.77513,4.5476327,b
54.058495,5.5991645,b
54.058495,2.2587826,b
54.058495,1.0901756,b
78.664085,5.2663617,b
40.84519,2.7059383,b
40.84519,1.53,b
90.06359,4.5476327,b
90.06359,5.72,b
204.9,2.2587826,b
204.9,1.53,b
181.55954,5.5991645,b
181.55954,2.08,b
20.75,2.2587826,b
105.8494,4.5476327,b
105.8494,2.7059383,b
105.8494,1.0901756,b
105.8494,1.4774497,b
105.8494,3.2074077,b
56.978264,5.2663617,b
56.978264,4.5476327,b
175.43822,2.7059383,b
175.43822,1.0901756,b
175.43822,5.2663617,b
17.218052,2.7059383,b
64.63866,1.4119095,b
64.63866,3.2074077,b
13.408346,3.2074077,b
58.75892,1.4774497,b
20.4,5.5991645,b
/
130.29556,5.5752077,q
78.56245,5.236281,q
53.572144,2.672254,q
77.08436,4.5537176,q
40.685844,2.2295206,q
104.7,5.72,q
20.75,1.53,q
18.044338,1.1588382,q
121.817154,5.5025415,q
13.713938,1.7893864,q
12.783903,1.7069775,q
20.4,2.08,q
132.63632,5.236281,b
132.63632,5.72,b
130.29556,2.08,b
130.29556,2.672254,b
78.56245,4.5537176,b
53.572144,5.5752077,b
53.572144,2.2295206,b
53.572144,1.1588382,b
77.08436,5.236281,b
40.685844,2.672254,b
40.685844,1.53,b
90.071815,4.5537176,b
90.071815,5.72,b
204.9,2.2295206,b
204.9,1.53,b
181.56915,5.5752077,b
181.56915,2.08,b
20.75,2.2295206,b
106.92992,4.5537176,b
106.92992,2.672254,b
106.92992,1.1588382,b
106.92992,5.5025415,b
106.92992,1.7069775,b
58.680023,5.236281,b
58.680023,4.5537176,b
176.14569,2.672254,b
176.14569,1.1588382,b
176.14569,5.236281,b
18.044338,2.672254,b
136.62425,1.7893864,b
121.817154,1.7069775,b
12.783903,5.5025415,b
20.4,5.5752077,b
/
130.29556,5.5752077,q
78.56245,5.236281,q
53.572144,2.672254,q
77.08436,4.5537176,q
40.685844,2.2295206,q
104.7,5.72,q
20.75,1.53,q
18.044338,1.1588382,q
121.817154,5.5025415,q
13.713938,1.7893864,q
12.783903,1.7069775,q
20.4,2.08,q
132.63632,5.236281,b
132.63632,5.72,b
130.29556,2.08,b
130.29556,2.672254,b
78.56245,4.5537176,b
53.572144,5.5752077,b
53.572144,2.2295206,b
53.572144,1.1588382,b
77.08436,5.236281,b
40.685844,2.672254,b
40.685844,1.53,b
90.071815,4.5537176,b
90.071815,5.72,b
204.9,2.2295206,b
204.9,1.53,b
181.56915,5.5752077,b
181.56915,2.08,b
20.75,2.2295206,b
106.92992,4.5537176,b
106.92992,2.672254,b
106.92992,1.1588382,b
106.92992,5.5025415,b
106.92992,1.7069775,b
58.680023,5.236281,b
58.680023,4.5537176,b
176.14569,2.672254,b
176.14569,1.1588382,b
176.14569,5.236281,b
18.044338,2.672254,b
136.62425,1.7893864,b
121.817154,1.7069775,b
12.783903,5.5025415,b
20.4,5.5752077,b
/
33.302097,2.6950326,q
39.239193,1.8587563,q
80.1418,4.7611275,q
53.99403,2.6009746,q
77.090576,4.5458093,q
40.75016,2.1840737,q
101.3401,5.630048,q
22.536097,1.53,q
17.512056,1.1483778,q
121.77781,5.502187,q
13.716055,1.7907887,q
12.760957,1.7121487,q
18.237675,1.237364,q
33.302097,4.7611275,b
33.302097,5.630048,b
39.239193,1.237364,b
39.239193,2.6009746,b
80.1418,2.6950326,b
80.1418,4.5458093,b
53.99403,1.8587563,b
53.99403,2.1840737,b
53.99403,1.1483778,b
77.090576,4.7611275,b
40.75016,2.6009746,b
40.75016,1.53,b
89.207596,4.5458093,b
89.207596,5.630048,b
207.09216,2.1840737,b
207.09216,1.53,b
101.3401,2.6950326,b
194.34029,1.8587563,b
194.34029,1.237364,b
22.536097,2.1840737,b
107.01117,4.5458093,b
107.01117,2.6009746,b
107.01117,1.1483778,b
107.01117,5.502187,b
107.01117,1.7121487,b
58.409595,4.7611275,b
58.409595,4.5458093,b
176.56378,2.6009746,b
176.56378,1.1483778,b
176.56378,4.7611275,b
17.512056,2.6009746,b
136.64252,1.7907887,b
121.77781,1.7121487,b
12.760957,5.502187,b
18.237675,1.8587563,b
/
33.302383,2.69493,q
39.23606,1.8584799,q
80.15423,4.7614117,q
54.027832,2.606729,q
77.03418,4.5489674,q
40.76097,2.1847336,q
101.34002,5.6300135,q
22.533833,1.53,q
17.655788,1.1503851,q
113.32589,5.186639,q
17.903784,1.8132845,q
18.237862,1.2373841,q
33.302383,4.7614117,b
33.302383,5.6300135,b
39.23606,1.2373841,b
39.23606,2.606729,b
80.15423,2.69493,b
80.15423,4.5489674,b
54.027832,1.8584799,b
54.027832,2.1847336,b
54.027832,1.1503851,b
77.03418,4.7614117,b
40.76097,2.606729,b
40.76097,1.53,b
89.20456,4.5489674,b
89.20456,5.6300135,b
207.0951,2.1847336,b
207.0951,1.53,b
101.34002,2.69493,b
194.34122,1.8584799,b
194.34122,1.2373841,b
22.533833,2.1847336,b
106.65743,4.5489674,b
106.65743,2.606729,b
106.65743,1.1503851,b
106.65743,5.186639,b
106.65743,1.8132845,b
58.10491,4.7614117,b
58.10491,4.5489674,b
176.50426,2.606729,b
176.50426,1.1503851,b
176.50426,4.7614117,b
17.655788,2.606729,b
113.32589,1.8132845,b
17.903784,5.186639,b
18.237862,1.8584799,b
/
33.316204,2.696673,q
39.174294,1.889875,q
80.34245,4.721314,q
55.23905,2.652894,q
77.76428,4.4625726,q
41.064598,2.181542,q
101.337685,5.633624,q
22.547186,1.53,q
16.28965,1.2217366,q
34.32669,2.1399229,q
16.317547,0.98456514,q
16.317545,0.98456514,q
18.242832,1.2367275,q
33.316204,4.721314,b
33.316204,5.633624,b
39.174294,1.2367275,b
39.174294,2.652894,b
80.34245,2.696673,b
80.34245,4.4625726,b
55.23905,1.889875,b
55.23905,2.181542,b
55.23905,1.2217366,b
77.76428,4.721314,b
41.064598,2.652894,b
41.064598,1.53,b
89.18753,4.4625726,b
89.18753,5.633624,b
207.13245,2.181542,b
207.13245,1.53,b
101.337685,2.696673,b
194.3462,1.889875,b
194.3462,1.2367275,b
22.547186,2.181542,b
107.245255,4.4625726,b
107.245255,2.652894,b
107.245255,1.2217366,b
107.245255,0.98456514,b
57.76183,2.1399229,b
57.76183,4.721314,b
57.76183,4.4625726,b
177.0787,2.652894,b
177.0787,1.2217366,b
177.0787,4.721314,b
16.28965,2.652894,b
16.317547,0.98456514,b
16.317545,0.98456514,b
18.242832,1.889875,b
/
130.26842,5.5746765,q
78.29249,5.223481,q
53.36433,2.6781301,q
76.70354,4.495288,q
40.4565,2.2256238,q
104.7,5.72,q
20.75,1.53,q
19.21715,1.1640952,q
60.461903,3.6525536,q
15.745081,1.1771765,q
122.3318,5.482716,q
13.466245,1.7978357,q
14.506595,1.7378956,q
20.4,2.08,q
132.6389,5.223481,b
132.6389,5.72,b
130.26842,2.08,b
130.26842,2.6781301,b
78.29249,4.495288,b
53.36433,5.5746765,b
53.36433,2.2256238,b
53.36433,1.1640952,b
76.70354,5.223481,b
40.4565,2.6781301,b
40.4565,1.53,b
90.04668,4.495288,b
90.04668,5.72,b
204.9,2.2256238,b
204.9,1.53,b
181.56332,5.5746765,b
181.56332,2.08,b
20.75,2.2256238,b
109.92302,4.495288,b
109.92302,2.6781301,b
109.92302,1.1640952,b
109.92302,3.6525536,b
109.92302,5.482716,b
109.92302,1.7378956,b
58.25832,5.223481,b
58.25832,4.495288,b
175.11012,2.6781301,b
175.11012,1.1640952,b
175.11012,5.223481,b
19.21715,2.6781301,b
135.31818,1.7978357,b
122.3318,1.7378956,b
14.506595,5.482716,b
20.4,5.5746765,b
/
130.31747,5.598663,q
78.73039,5.2531314,q
54.941795,2.6588778,q
77.93234,4.4740095,q
40.90109,2.205667,q
104.7,5.72,q
20.75,1.53,q
16.51745,1.20098,q
34.378445,2.1164997,q
16.329073,0.97837734,q
16.329071,0.97837746,q
20.4,2.08,q
132.59602,5.2531314,b
132.59602,5.72,b
130.31747,2.08,b
130.31747,2.6588778,b
78.73039,4.4740095,b
54.941795,5.598663,b
54.941795,2.205667,b
54.941795,1.20098,b
77.93234,5.2531314,b
40.90109,2.6588778,b
40.90109,1.53,b
90.033035,4.4740095,b
90.033035,5.72,b
204.9,2.205667,b
204.9,1.53,b
181.57877,5.598663,b
181.57877,2.08,b
20.75,2.205667,b
107.13442,4.4740095,b
107.13442,2.6588778,b
107.13442,1.20098,b
107.13442,0.97837734,b
107.13442,0.97837746,b
57.914642,2.1164997,b
57.914642,5.2531314,b
57.914642,4.4740095,b
176.35847,2.6588778,b
176.35847,1.20098,b
176.35847,5.2531314,b
16.51745,2.6588778,b
16.329073,0.97837746,b
16.329071,0.97837734,b
20.4,5.598663,b
/
118.468506,5.4897738,q
72.77124,4.516446,q
73.10688,4.238997,q
53.32415,2.8766744,q
78.12083,4.5474825,q
40.476818,2.2680116,q
101.83088,5.9079537,q
20.75,1.53,q
21.731258,1.3392313,q
39.445183,1.8437908,q
13.112529,1.0066973,q
23.80045,1.3666673,q
12.2057495,0.8586775,q
140.26968,4.238997,b
140.26968,5.9079537,b
118.468506,4.516446,b
72.77124,5.4897738,b
72.77124,2.8766744,b
73.10688,4.5474825,b
53.32415,4.516446,b
53.32415,2.2680116,b
53.32415,1.3392313,b
78.12083,4.238997,b
40.476818,2.8766744,b
40.476818,1.53,b
90.06716,4.5474825,b
90.06716,5.9079537,b
207.17075,2.2680116,b
207.17075,1.53,b
178.02274,5.4897738,b
178.02274,4.516446,b
20.75,2.2680116,b
106.993,4.5474825,b
106.993,2.8766744,b
106.993,1.3392313,b
106.993,1.0066973,b
106.993,1.3666673,b
58.80349,1.8437908,b
58.80349,4.238997,b
58.80349,4.5474825,b
21.731258,2.8766744,b
176.85368,2.8766744,b
176.85368,1.3392313,b
39.445183,0.8586775,b
13.112529,1.3666673,b
23.80045,1.0066973,b
12.2057495,1.8437908,b
/
130.31747,5.598663,q
78.73039,5.2531314,q
54.941795,2.6588778,q
77.93234,4.4740095,q
40.90109,2.205667,q
104.7,5.72,q
20.75,1.53,q
16.51745,1.20098,q
34.378445,2.1164997,q
16.329073,0.97837734,q
16.329071,0.97837746,q
20.4,2.08,q
132.59602,5.2531314,b
132.59602,5.72,b
130.31747,2.08,b
130.31747,2.6588778,b
78.73039,4.4740095,b
54.941795,5.598663,b
54.941795,2.205667,b
54.941795,1.20098,b
77.93234,5.2531314,b
40.90109,2.6588778,b
40.90109,1.53,b
90.033035,4.4740095,b
90.033035,5.72,b
204.9,2.205667,b
204.9,1.53,b
181.57877,5.598663,b
181.57877,2.08,b
20.75,2.205667,b
107.13442,4.4740095,b
107.13442,2.6588778,b
107.13442,1.20098,b
107.13442,0.97837734,b
107.13442,0.97837746,b
57.914642,2.1164997,b
57.914642,5.2531314,b
57.914642,4.4740095,b
176.35847,2.6588778,b
176.35847,1.20098,b
176.35847,5.2531314,b
16.51745,2.6588778,b
16.329073,0.97837746,b
16.329071,0.97837734,b
20.4,5.598663,b
/
130.3228,5.599408,q
78.73491,5.253761,q
54.845398,2.6682217,q
77.849945,4.4836464,q
40.891396,2.2083857,q
104.7,5.72,q
20.75,1.53,q
16.368555,1.2045043,q
39.47148,1.7913828,q
23.716446,1.3584529,q
12.164252,0.8564641,q
13.005051,0.9886861,q
20.4,2.08,q
132.5975,5.253761,b
132.5975,5.72,b
130.3228,2.08,b
130.3228,2.6682217,b
78.73491,4.4836464,b
54.845398,5.599408,b
54.845398,2.2083857,b
54.845398,1.2045043,b
77.849945,5.253761,b
40.891396,2.6682217,b
40.891396,1.53,b
90.034744,4.4836464,b
90.034744,5.72,b
204.9,2.2083857,b
204.9,1.53,b
181.57803,5.599408,b
181.57803,2.08,b
20.75,2.2083857,b
106.79305,4.4836464,b
106.79305,2.6682217,b
106.79305,1.2045043,b
106.79305,1.3584529,b
106.79305,0.9886861,b
57.945168,1.7913828,b
57.945168,5.253761,b
57.945168,4.4836464,b
176.37146,2.6682217,b
176.37146,1.2045043,b
176.37146,5.253761,b
16.368555,2.6682217,b
39.47148,0.8564641,b
23.716446,0.9886861,b
12.164252,1.7913828,b
13.005051,1.3584529,b
20.4,5.599408,b
/
