40.3973,2.8297112,q
73.81579,4.379091,q
54.0,2.68,q
79.1312,4.65765,q
76.39619,4.6164446,q
40.613503,2.2838635,q
105.8805,5.47,q
20.75,1.3552523,q
13.3,1.398488,q
58.0,4.528926,q
13.139796,1.18,q
120.3,5.9470625,q
18.873089,1.0307971,q
40.3973,2.68,b
40.3973,5.47,b
73.81579,1.0307971,b
73.81579,4.65765,b
54.0,2.8297112,b
54.0,4.6164446,b
54.0,5.9470625,b
79.1312,4.379091,b
79.1312,2.2838635,b
76.39619,2.68,b
40.613503,4.65765,b
40.613503,1.3552523,b
89.8,4.6164446,b
89.8,5.47,b
204.85,2.2838635,b
204.85,1.3552523,b
105.8805,2.8297112,b
159.44545,4.379091,b
159.44545,1.0307971,b
20.75,2.2838635,b
172.75122,4.6164446,b
172.75122,1.398488,b
172.75122,4.528926,b
57.4,1.18,b
57.4,4.528926,b
13.3,4.528926,b
58.0,1.398488,b
169.53102,4.65765,b
169.53102,2.68,b
169.53102,5.9470625,b
137.3,4.379091,b
137.3,4.65765,b
120.3,2.68,b
18.873089,4.379091,b
/
132.82588,5.9126024,q
40.3973,4.15,q
79.85,3.0533333,q
76.39619,4.6164446,q
40.613503,2.2838635,q
104.7,5.8073378,q
20.75,1.4064634,q
123.833,6.009702,q
66.7485,4.653675,q
22.810452,1.2467601,q
122.041626,5.9470625,q
15.225,2.1233332,q
127.11667,4.15,b
127.11667,5.8073378,b
132.82588,2.1233332,b
132.82588,3.0533333,b
40.3973,4.6164446,b
40.3973,5.9470625,b
79.85,5.9126024,b
79.85,2.2838635,b
76.39619,4.15,b
40.613503,3.0533333,b
40.613503,1.4064634,b
89.8,4.6164446,b
89.8,5.8073378,b
204.85,2.2838635,b
204.85,1.4064634,b
186.9,5.9126024,b
186.9,2.1233332,b
20.75,2.2838635,b
164.92857,4.6164446,b
164.92857,6.009702,b
164.92857,4.653675,b
143.6135,1.2467601,b
123.833,4.653675,b
66.7485,6.009702,b
170.32875,3.0533333,b
170.32875,4.15,b
170.32875,5.9470625,b
138.93861,5.9126024,b
138.93861,3.0533333,b
122.041626,4.15,b
15.225,5.9126024,b
/
132.82588,5.9126024,q
40.3973,4.15,q
79.85,3.0533333,q
76.39619,4.6164446,q
40.613503,2.2838635,q
104.7,5.807481,q
20.75,1.4069277,q
138.34451,6.6601667,q
14.972934,1.9164076,q
62.361946,4.1583514,q
122.041626,5.9470625,q
15.225,2.1233332,q
127.11667,4.15,b
127.11667,5.807481,b
132.82588,2.1233332,b
132.82588,3.0533333,b
40.3973,4.6164446,b
40.3973,5.9470625,b
79.85,5.9126024,b
79.85,2.2838635,b
76.39619,4.15,b
40.613503,3.0533333,b
40.613503,1.4069277,b
89.8,4.6164446,b
89.8,5.807481,b
204.85,2.2838635,b
204.85,1.4069277,b
186.9,5.9126024,b
186.9,2.1233332,b
20.75,2.2838635,b
166.1,4.6164446,b
166.1,6.6601667,b
166.1,4.1583514,b
131.6,1.9164076,b
138.34451,4.1583514,b
62.361946,6.6601667,b
170.32875,3.0533333,b
170.32875,4.15,b
170.32875,5.9470625,b
138.93861,5.9126024,b
138.93861,3.0533333,b
122.041626,4.15,b
15.225,5.9126024,b
/
130.63986,5.5645723,q
77.24569,5.156163,q
50.04984,3.371338,q
67.17645,5.4961534,q
38.70867,2.4200873,q
101.560844,5.855807,q
23.02741,1.3949589,q
138.62907,6.328832,q
15.210696,1.9377534,q
19.926172,1.884675,q
121.640305,6.1126623,q
13.141947,2.112026,q
132.3661,5.156163,b
132.3661,5.855807,b
130.63986,2.112026,b
130.63986,3.371338,b
77.24569,5.4961534,b
50.04984,5.5645723,b
50.04984,2.4200873,b
50.04984,6.1126623,b
67.17645,5.156163,b
38.70867,3.371338,b
38.70867,1.3949589,b
89.86456,5.4961534,b
89.86456,5.855807,b
206.91089,2.4200873,b
206.91089,1.3949589,b
181.49269,5.5645723,b
181.49269,2.112026,b
23.02741,2.4200873,b
166.77103,5.4961534,b
166.77103,6.328832,b
166.77103,1.884675,b
127.48753,1.9377534,b
138.62907,1.884675,b
19.926172,6.328832,b
134.50272,5.156163,b
134.50272,5.4961534,b
121.640305,3.371338,b
169.19327,3.371338,b
169.19327,6.1126623,b
169.19327,5.156163,b
13.141947,5.5645723,b
/
126.34286,5.0728574,q
74.2,5.2821627,q
51.1,3.3570633,q
73.0,5.2075,q
40.613503,2.2838635,q
74.356636,4.0754375,q
38.696617,2.4335134,q
76.543686,5.612193,q
66.21283,3.899535,q
138.47331,6.31348,q
15.19512,1.9379184,q
19.854578,1.8844856,q
121.59187,6.111865,q
13.007143,2.0171103,q
138.3,5.2821627,b
138.3,2.4335134,b
126.34286,5.612193,b
126.34286,2.0171103,b
126.34286,3.3570633,b
74.2,5.2075,b
51.1,5.0728574,b
51.1,2.2838635,b
51.1,6.111865,b
73.0,5.2821627,b
40.613503,3.3570633,b
40.613503,4.0754375,b
40.613503,3.899535,b
75.2,5.2075,b
75.2,2.4335134,b
75.2,5.612193,b
74.356636,2.2838635,b
74.356636,3.899535,b
74.356636,5.612193,b
76.543686,4.0754375,b
76.543686,5.0728574,b
76.543686,2.0171103,b
66.21283,2.2838635,b
66.21283,4.0754375,b
166.89021,5.2075,b
166.89021,6.31348,b
166.89021,1.8844856,b
127.545494,1.9379184,b
138.47331,1.8844856,b
19.854578,6.31348,b
134.74689,5.2821627,b
134.74689,5.2075,b
121.59187,3.3570633,b
169.3292,3.3570633,b
169.3292,6.111865,b
169.3292,5.2821627,b
13.007143,5.0728574,b
13.007143,5.612193,b
/
130.64102,5.564824,q
77.23214,5.1557574,q
49.987373,3.373418,q
73.0,5.5103993,q
38.664253,2.4216237,q
101.56023,5.855796,q
23.021217,1.3950926,q
125.71909,5.8406844,q
19.089031,1.917366,q
121.645706,6.112587,q
13.141867,2.1120224,q
132.36609,5.1557574,b
132.36609,5.855796,b
130.64102,2.1120224,b
130.64102,3.373418,b
77.23214,5.5103993,b
49.987373,5.564824,b
49.987373,2.4216237,b
49.987373,6.112587,b
73.0,5.1557574,b
38.664253,3.373418,b
38.664253,1.3950926,b
89.85648,5.5103993,b
89.85648,5.855796,b
206.91023,2.4216237,b
206.91023,1.3950926,b
181.49307,5.564824,b
181.49307,2.1120224,b
23.021217,2.4216237,b
165.75,5.5103993,b
165.75,5.8406844,b
165.75,1.917366,b
125.71909,1.917366,b
19.089031,5.8406844,b
134.48706,5.1557574,b
134.48706,5.5103993,b
121.645706,3.373418,b
169.19177,3.373418,b
169.19177,6.112587,b
169.19177,5.1557574,b
13.141867,5.564824,b
/
114.56877,5.2613125,q
72.113335,5.535263,q
79.1312,4.65765,q
49.4,4.126,q
71.009094,5.548,q
44.1,2.39,q
105.7,5.72,q
23.090641,1.3800917,q
125.73009,5.841634,q
19.10731,1.916395,q
122.041626,5.9470625,q
20.73317,2.0151734,q
132.03557,4.65765,b
132.03557,5.72,b
114.56877,5.535263,b
72.113335,5.2613125,b
72.113335,4.126,b
79.1312,5.548,b
49.4,5.535263,b
49.4,2.39,b
49.4,5.9470625,b
71.009094,4.65765,b
44.1,4.126,b
44.1,1.3800917,b
89.8,5.548,b
89.8,5.72,b
204.85,2.39,b
204.85,1.3800917,b
160.32428,5.2613125,b
160.32428,5.535263,b
23.090641,2.39,b
165.75,5.548,b
165.75,5.841634,b
165.75,1.916395,b
125.73009,1.916395,b
19.10731,5.841634,b
138.93861,4.65765,b
138.93861,5.548,b
122.041626,4.126,b
169.53102,4.126,b
169.53102,5.9470625,b
169.53102,4.65765,b
165.9,5.535263,b
/
37.2,2.8297112,q
35.10585,1.8816054,q
77.51428,4.628,q
54.0,2.68,q
71.009094,5.548,q
44.1,2.39,q
105.8805,5.47,q
20.75,1.3536575,q
125.69395,5.8416667,q
19.094511,1.9166569,q
122.041626,5.9470625,q
18.2,1.0307971,q
37.2,4.628,b
37.2,5.47,b
35.10585,1.0307971,b
35.10585,2.68,b
77.51428,2.8297112,b
77.51428,5.548,b
54.0,1.8816054,b
54.0,2.39,b
54.0,5.9470625,b
71.009094,4.628,b
44.1,2.68,b
44.1,1.3536575,b
89.8,5.548,b
89.8,5.47,b
204.85,2.39,b
204.85,1.3536575,b
105.8805,2.8297112,b
159.44545,1.8816054,b
159.44545,1.0307971,b
20.75,2.39,b
165.75,5.548,b
165.75,5.8416667,b
165.75,1.9166569,b
125.69395,1.9166569,b
19.094511,5.8416667,b
138.93861,4.628,b
138.93861,5.548,b
122.041626,2.68,b
169.54164,2.68,b
169.54164,5.9470625,b
169.54164,4.628,b
18.2,1.8816054,b
/
37.2,2.8297112,q
35.10585,1.8816054,q
77.51428,4.628,q
49.4,3.8785846,q
71.009094,5.548,q
44.1,2.39,q
105.8805,5.47,q
20.75,1.3458731,q
66.21283,3.899535,q
25.830479,1.398488,q
122.11867,5.9470625,q
18.2,1.0307971,q
37.2,4.628,b
37.2,5.47,b
35.10585,1.0307971,b
35.10585,3.8785846,b
77.51428,2.8297112,b
77.51428,5.548,b
49.4,1.8816054,b
49.4,2.39,b
49.4,5.9470625,b
71.009094,4.628,b
44.1,3.8785846,b
44.1,1.3458731,b
89.8,5.548,b
89.8,5.47,b
204.85,2.39,b
204.85,1.3458731,b
105.8805,2.8297112,b
159.44545,1.8816054,b
159.44545,1.0307971,b
20.75,2.39,b
172.75122,5.548,b
172.75122,3.899535,b
172.75122,1.398488,b
66.21283,1.398488,b
25.830479,3.899535,b
134.60356,4.628,b
134.60356,5.548,b
122.11867,3.8785846,b
169.5394,3.8785846,b
169.5394,5.9470625,b
169.5394,4.628,b
18.2,1.8816054,b
/
37.2,2.8297112,q
35.10585,1.8816054,q
77.51428,4.628,q
49.4,3.9078326,q
71.009094,5.548,q
44.1,2.39,q
105.8805,5.47,q
20.75,1.344774,q
53.0,2.7926207,q
17.4,1.398488,q
122.08258,5.9470625,q
18.2,1.0307971,q
37.2,4.628,b
37.2,5.47,b
35.10585,1.0307971,b
35.10585,3.9078326,b
77.51428,2.8297112,b
77.51428,5.548,b
49.4,1.8816054,b
49.4,2.39,b
49.4,5.9470625,b
71.009094,4.628,b
44.1,3.9078326,b
44.1,1.344774,b
89.8,5.548,b
89.8,5.47,b
204.85,2.39,b
204.85,1.344774,b
105.8805,2.8297112,b
159.44545,1.8816054,b
159.44545,1.0307971,b
20.75,2.39,b
172.75122,5.548,b
172.75122,2.7926207,b
172.75122,1.398488,b
53.7,2.7926207,b
53.0,1.398488,b
17.4,2.7926207,b
134.64493,4.628,b
134.64493,5.548,b
122.08258,3.9078326,b
169.52242,3.9078326,b
169.52242,5.9470625,b
169.52242,4.628,b
18.2,1.8816054,b
/
37.2,2.8297112,q
35.10585,1.8816054,q
77.51428,4.628,q
54.0,2.68,q
71.009094,5.548,q
44.1,2.39,q
105.8805,5.47,q
20.75,1.3536575,q
125.69395,5.8416667,q
19.094511,1.9166569,q
122.024414,5.9470625,q
18.2,1.0307971,q
37.2,4.628,b
37.2,5.47,b
35.10585,1.0307971,b
35.10585,2.68,b
77.51428,2.8297112,b
77.51428,5.548,b
54.0,1.8816054,b
54.0,2.39,b
54.0,5.9470625,b
71.009094,4.628,b
44.1,2.68,b
44.1,1.3536575,b
89.8,5.548,b
89.8,5.47,b
204.85,2.39,b
204.85,1.3536575,b
105.8805,2.8297112,b
159.44545,1.8816054,b
159.44545,1.0307971,b
20.75,2.39,b
165.75,5.548,b
165.75,5.8416667,b
165.75,1.9166569,b
125.69395,1.9166569,b
19.094511,5.8416667,b
138.93861,4.628,b
138.93861,5.548,b
122.024414,2.68,b
169.54164,2.68,b
169.54164,5.9470625,b
169.54164,4.628,b
18.2,1.8816054,b
/
37.2,2.8297112,q
35.10585,1.8816054,q
77.51428,4.628,q
49.4,3.8823097,q
71.009094,5.548,q
44.1,2.39,q
105.8805,5.47,q
20.75,1.3461089,q
66.21283,3.899535,q
21.540936,2.1719544,q
25.830479,1.398488,q
122.14331,5.9470625,q
18.2,1.0307971,q
37.2,4.628,b
37.2,5.47,b
35.10585,1.0307971,b
35.10585,3.8823097,b
77.51428,2.8297112,b
77.51428,5.548,b
49.4,1.8816054,b
49.4,2.39,b
49.4,5.9470625,b
71.009094,4.628,b
44.1,3.8823097,b
44.1,1.3461089,b
89.8,5.548,b
89.8,5.47,b
204.85,2.39,b
204.85,1.3461089,b
105.8805,2.8297112,b
159.44545,1.8816054,b
159.44545,1.0307971,b
20.75,2.39,b
172.75122,5.548,b
172.75122,3.899535,b
172.75122,1.398488,b
66.21283,1.398488,b
25.830479,3.899535,b
134.55426,4.628,b
134.55426,5.548,b
122.14331,3.8823097,b
169.5162,3.8823097,b
169.5162,5.9470625,b
169.5162,4.628,b
18.2,1.8816054,b
/
37.2,2.8297112,q
35.10585,1.8816054,q
77.51428,4.628,q
49.4,3.8740222,q
71.009094,5.548,q
44.1,2.39,q
105.8805,5.47,q
20.75,1.345773,q
71.23755,4.309745,q
20.803623,2.1010487,q
25.830479,1.398488,q
122.12583,5.9470625,q
18.2,1.0307971,q
37.2,4.628,b
37.2,5.47,b
35.10585,1.0307971,b
35.10585,3.8740222,b
77.51428,2.8297112,b
77.51428,5.548,b
49.4,1.8816054,b
49.4,2.39,b
49.4,5.9470625,b
71.009094,4.628,b
44.1,3.8740222,b
44.1,1.345773,b
89.8,5.548,b
89.8,5.47,b
204.85,2.39,b
204.85,1.345773,b
105.8805,2.8297112,b
159.44545,1.8816054,b
159.44545,1.0307971,b
20.75,2.39,b
172.75122,5.548,b
172.75122,4.309745,b
172.75122,1.398488,b
71.23755,1.398488,b
170.5125,4.309745,b
25.830479,4.309745,b
134.5874,4.628,b
134.5874,5.548,b
122.12583,3.8740222,b
169.53516,3.8740222,b
169.53516,5.9470625,b
169.53516,4.628,b
18.2,1.8816054,b
/
37.2,2.8297112,q
35.10585,1.8816054,q
77.51428,4.628,q
49.4,2.68,q
71.009094,5.548,q
44.1,2.39,q
105.8805,5.47,q
20.75,1.3536117,q
138.59854,6.350562,q
15.208748,1.9360607,q
19.942276,1.8861883,q
122.041626,5.9470625,q
18.2,1.0307971,q
37.2,4.628,b
37.2,5.47,b
35.10585,1.0307971,b
35.10585,2.68,b
77.51428,2.8297112,b
77.51428,5.548,b
49.4,1.8816054,b
49.4,2.39,b
49.4,5.9470625,b
71.009094,4.628,b
44.1,2.68,b
44.1,1.3536117,b
89.8,5.548,b
89.8,5.47,b
204.85,2.39,b
204.85,1.3536117,b
105.8805,2.8297112,b
159.44545,1.8816054,b
159.44545,1.0307971,b
20.75,2.39,b
167.2913,5.548,b
167.2913,6.350562,b
167.2913,1.8861883,b
127.50696,1.9360607,b
138.59854,1.8861883,b
19.942276,6.350562,b
138.93861,4.628,b
138.93861,5.548,b
122.041626,2.68,b
169.54279,2.68,b
169.54279,5.9470625,b
169.54279,4.628,b
18.2,1.8816054,b
/
37.2,2.8297112,q
35.10585,1.8816054,q
77.51428,4.628,q
49.4,2.68,q
71.009094,5.548,q
44.1,2.39,q
105.8805,5.47,q
20.75,1.3536117,q
138.59854,6.350562,q
15.208748,1.9360607,q
19.942276,1.8861883,q
122.041626,5.9470625,q
18.2,1.0307971,q
37.2,4.628,b
37.2,5.47,b
35.10585,1.0307971,b
35.10585,2.68,b
77.51428,2.8297112,b
77.51428,5.548,b
49.4,1.8816054,b
49.4,2.39,b
49.4,5.9470625,b
71.009094,4.628,b
44.1,2.68,b
44.1,1.3536117,b
89.8,5.548,b
89.8,5.47,b
204.85,2.39,b
204.85,1.3536117,b
105.8805,2.8297112,b
159.44545,1.8816054,b
159.44545,1.0307971,b
20.75,2.39,b
167.2913,5.548,b
167.2913,6.350562,b
167.2913,1.8861883,b
127.50696,1.9360607,b
138.59854,1.8861883,b
19.942276,6.350562,b
138.93861,4.628,b
138.93861,5.548,b
122.041626,2.68,b
169.54279,2.68,b
169.54279,5.9470625,b
169.54279,4.628,b
18.2,1.8816054,b
/
135.1,6.01,q
78.52916,5.1214547,q
49.6,2.96,q
77.079506,5.636667,q
44.1,2.39,q
101.55086,5.8526,q
22.98412,1.4042532,q
125.636086,5.8394713,q
19.151278,1.9224981,q
65.05,3.899535,q
13.254863,2.1250987,q
130.3,5.1214547,b
130.3,5.8526,b
135.1,2.1250987,b
135.1,2.96,b
78.52916,5.636667,b
49.6,6.01,b
49.6,2.39,b
49.6,3.899535,b
77.079506,5.1214547,b
44.1,2.96,b
44.1,1.4042532,b
89.8,5.636667,b
89.8,5.8526,b
206.96866,2.39,b
206.96866,1.4042532,b
186.9,6.01,b
186.9,2.1250987,b
22.98412,2.39,b
165.75,5.636667,b
165.75,5.8394713,b
165.75,1.9224981,b
125.636086,1.9224981,b
19.151278,5.8394713,b
76.6,5.1214547,b
76.6,5.636667,b
172.75122,2.96,b
172.75122,3.899535,b
172.75122,5.1214547,b
65.05,2.96,b
13.254863,6.01,b
/
135.1,6.01,q
78.52916,4.92,q
54.65263,2.65,q
71.87143,5.36,q
44.1,2.39,q
101.51935,5.8523273,q
22.974201,1.4022837,q
125.50676,5.8410196,q
19.074154,1.9251907,q
44.874397,2.6721876,q
23.7,1.4425417,q
11.8,0.8835634,q
13.230296,2.1291056,q
130.3,4.92,b
130.3,5.8523273,b
135.1,2.1291056,b
135.1,2.65,b
78.52916,5.36,b
78.52916,2.6721876,b
54.65263,6.01,b
54.65263,2.39,b
54.65263,1.4425417,b
71.87143,4.92,b
71.87143,2.6721876,b
44.1,2.65,b
44.1,1.4022837,b
89.8,5.36,b
89.8,5.8523273,b
206.97737,2.39,b
206.97737,1.4022837,b
186.9,6.01,b
186.9,2.1291056,b
22.974201,2.39,b
165.75,5.36,b
165.75,5.8410196,b
165.75,1.9251907,b
125.50676,1.9251907,b
19.074154,5.8410196,b
44.874397,4.92,b
44.874397,5.36,b
44.874397,0.8835634,b
179.3,2.65,b
179.3,1.4425417,b
179.3,4.92,b
23.7,2.65,b
11.8,2.6721876,b
13.230296,6.01,b
/
135.1,6.01,q
77.8,5.1214547,q
54.65263,2.65,q
71.13406,4.19,q
40.613503,2.2838635,q
101.55556,5.8633184,q
20.75,1.4060447,q
39.573334,2.4333334,q
12.366667,1.2230871,q
13.236061,2.1196632,q
130.3,5.1214547,b
130.3,5.8633184,b
135.1,2.1196632,b
135.1,2.65,b
77.8,4.19,b
77.8,2.4333334,b
54.65263,6.01,b
54.65263,2.2838635,b
54.65263,1.2230871,b
71.13406,5.1214547,b
71.13406,2.4333334,b
40.613503,2.65,b
40.613503,1.4060447,b
89.8,4.19,b
89.8,5.8633184,b
204.85,2.2838635,b
204.85,1.4060447,b
186.9,6.01,b
186.9,2.1196632,b
20.75,2.2838635,b
39.573334,5.1214547,b
39.573334,4.19,b
178.5,2.65,b
178.5,1.2230871,b
178.5,5.1214547,b
12.366667,2.65,b
13.236061,6.01,b
/
130.64102,5.564824,q
77.23214,5.1557574,q
49.987373,3.373418,q
73.0,5.5103993,q
38.664253,2.4216237,q
101.56023,5.855796,q
23.021217,1.3950926,q
125.71909,5.8406844,q
19.089031,1.917366,q
121.645706,6.112587,q
13.141867,2.1120224,q
132.36609,5.1557574,b
132.36609,5.855796,b
130.64102,2.1120224,b
130.64102,3.373418,b
77.23214,5.5103993,b
49.987373,5.564824,b
49.987373,2.4216237,b
49.987373,6.112587,b
73.0,5.1557574,b
38.664253,3.373418,b
38.664253,1.3950926,b
89.85648,5.5103993,b
89.85648,5.855796,b
206.91023,2.4216237,b
206.91023,1.3950926,b
181.49307,5.564824,b
181.49307,2.1120224,b
23.021217,2.4216237,b
165.75,5.5103993,b
165.75,5.8406844,b
165.75,1.917366,b
125.71909,1.917366,b
19.089031,5.8406844,b
134.48706,5.1557574,b
134.48706,5.5103993,b
121.645706,3.373418,b
169.19177,3.373418,b
169.19177,6.112587,b
169.19177,5.1557574,b
13.141867,5.564824,b
/
135.3,5.749885,q
81.8,5.283,q
49.83387,3.4062696,q
67.117294,5.501363,q
38.708076,2.4204874,q
106.7,5.72,q
23.144146,1.3937345,q
138.6307,6.329024,q
15.210757,1.9377365,q
19.92787,1.8846796,q
121.65199,6.111552,q
67.62983,4.780726,q
20.855978,2.0640945,q
133.6,5.283,b
133.6,5.72,b
135.3,4.780726,b
135.3,3.4062696,b
81.8,5.501363,b
49.83387,5.749885,b
49.83387,2.4204874,b
49.83387,6.111552,b
67.117294,5.283,b
38.708076,3.4062696,b
38.708076,1.3937345,b
90.28978,5.501363,b
90.28978,5.72,b
206.57126,2.4204874,b
206.57126,1.3937345,b
184.5,5.749885,b
184.5,4.780726,b
23.144146,2.4204874,b
166.76974,5.501363,b
166.76974,6.329024,b
166.76974,1.8846796,b
127.48666,1.9377365,b
138.6307,1.8846796,b
19.92787,6.329024,b
134.41376,5.283,b
134.41376,5.501363,b
121.65199,3.4062696,b
169.14792,3.4062696,b
169.14792,6.111552,b
169.14792,5.283,b
67.62983,5.749885,b
171.27821,4.780726,b
/
135.3,5.749885,q
81.8,5.283,q
49.77653,3.4093966,q
73.0,5.515114,q
38.67771,2.4221675,q
106.7,5.72,q
23.137768,1.393856,q
125.72038,5.840681,q
19.089497,1.9173393,q
121.656654,6.111474,q
67.62983,4.780726,q
20.85598,2.0640945,q
133.6,5.283,b
133.6,5.72,b
135.3,4.780726,b
135.3,3.4093966,b
81.8,5.515114,b
49.77653,5.749885,b
49.77653,2.4221675,b
49.77653,6.111474,b
73.0,5.283,b
38.67771,3.4093966,b
38.67771,1.393856,b
90.279854,5.515114,b
90.279854,5.72,b
206.5701,2.4221675,b
206.5701,1.393856,b
184.5,5.749885,b
184.5,4.780726,b
23.137768,2.4221675,b
165.75,5.515114,b
165.75,5.840681,b
165.75,1.9173393,b
125.72038,1.9173393,b
19.089497,5.840681,b
134.40048,5.283,b
134.40048,5.515114,b
121.656654,3.4093966,b
169.14688,3.4093966,b
169.14688,6.111474,b
169.14688,5.283,b
67.62983,5.749885,b
171.27821,4.780726,b
/
130.61769,5.5788283,q
77.22252,5.160782,q
51.1,3.413093,q
73.0,5.2075,q
44.1,2.454328,q
101.56321,5.857606,q
23.026466,1.3864549,q
17.4,1.398488,q
53.0,2.7926207,q
121.6844,6.0947,q
13.14222,2.1123586,q
132.37878,5.160782,b
132.37878,5.857606,b
130.61769,2.1123586,b
130.61769,3.413093,b
77.22252,5.2075,b
51.1,5.5788283,b
51.1,2.454328,b
51.1,6.0947,b
73.0,5.160782,b
44.1,3.413093,b
44.1,1.3864549,b
89.82789,5.2075,b
89.82789,5.857606,b
206.894,2.454328,b
206.894,1.3864549,b
181.49045,5.5788283,b
181.49045,2.1123586,b
23.026466,2.454328,b
172.75122,5.2075,b
172.75122,1.398488,b
172.75122,2.7926207,b
53.7,2.7926207,b
17.4,2.7926207,b
53.0,1.398488,b
134.4,5.160782,b
134.4,5.2075,b
121.6844,3.413093,b
169.17941,3.413093,b
169.17941,6.0947,b
169.17941,5.160782,b
13.14222,5.5788283,b
/
135.1,6.01,q
78.52916,5.1214547,q
51.661537,3.338889,q
77.079506,4.8826833,q
44.1,2.39,q
101.45631,5.8365335,q
22.920433,1.3779608,q
122.041626,5.9470625,q
76.9,3.32,q
28.64,1.822992,q
19.666876,0.93106574,q
12.725168,1.972431,q
130.3,5.1214547,b
130.3,5.8365335,b
135.1,1.972431,b
135.1,3.338889,b
78.52916,4.8826833,b
78.52916,3.32,b
51.661537,6.01,b
51.661537,2.39,b
51.661537,5.9470625,b
77.079506,5.1214547,b
44.1,3.338889,b
44.1,1.3779608,b
89.8,4.8826833,b
89.8,5.8365335,b
206.95435,2.39,b
206.95435,1.3779608,b
181.86308,6.01,b
181.86308,1.972431,b
22.920433,2.39,b
172.07272,4.8826833,b
172.07272,3.338889,b
172.07272,5.9470625,b
138.93861,5.1214547,b
138.93861,4.8826833,b
122.041626,3.338889,b
76.9,5.1214547,b
76.9,0.93106574,b
19.666876,3.32,b
19.666876,0.93106574,b
12.725168,6.01,b
/
37.2,2.8297112,q
35.10585,1.8816054,q
77.51428,4.628,q
53.77778,2.73,q
79.1312,4.65765,q
74.2873,4.110833,q
105.8805,5.47,q
22.4,1.245,q
43.85,2.2448552,q
25.76521,2.077592,q
22.409267,0.9840003,q
22.409267,0.9840002,q
122.527275,5.9654803,q
18.2,1.0307971,q
37.2,4.628,b
37.2,5.47,b
35.10585,1.0307971,b
35.10585,2.73,b
77.51428,2.8297112,b
77.51428,4.65765,b
53.77778,1.8816054,b
53.77778,4.110833,b
53.77778,5.9654803,b
79.1312,4.628,b
74.2873,2.73,b
74.2873,1.245,b
82.95,4.65765,b
82.95,5.47,b
197.67567,4.110833,b
197.67567,1.245,b
105.8805,2.8297112,b
159.44545,1.8816054,b
159.44545,1.0307971,b
22.4,4.110833,b
173.12857,4.65765,b
173.12857,2.077592,b
43.85,0.9840003,b
43.85,0.9840002,b
22.409267,2.2448552,b
22.409267,0.9840002,b
22.409267,0.9840003,b
134.74545,4.628,b
134.74545,4.65765,b
122.527275,2.73,b
172.07272,2.73,b
172.07272,5.9654803,b
172.07272,4.628,b
18.2,1.8816054,b
/
37.2,2.8297112,q
35.10585,1.8816054,q
77.079506,4.8826833,q
52.25,2.514,q
71.87143,5.36,q
44.1,2.39,q
105.8805,5.47,q
20.75,1.3614609,q
138.30324,6.368266,q
15.179693,1.9358978,q
19.835318,1.8898512,q
40.95,2.39,q
15.25,1.2095491,q
18.2,1.0307971,q
37.2,4.8826833,b
37.2,5.47,b
35.10585,1.0307971,b
35.10585,2.514,b
77.079506,2.8297112,b
77.079506,5.36,b
77.079506,2.39,b
52.25,1.8816054,b
52.25,2.39,b
52.25,1.2095491,b
71.87143,4.8826833,b
71.87143,2.39,b
44.1,2.514,b
44.1,1.3614609,b
89.8,5.36,b
89.8,5.47,b
204.85,2.39,b
204.85,1.3614609,b
105.8805,2.8297112,b
159.44545,1.8816054,b
159.44545,1.0307971,b
20.75,2.39,b
166.74283,5.36,b
166.74283,6.368266,b
166.74283,1.8898512,b
127.63811,1.9358978,b
138.30324,1.8898512,b
19.835318,6.368266,b
40.95,4.8826833,b
40.95,5.36,b
177.878,2.514,b
177.878,1.2095491,b
177.878,4.8826833,b
15.25,2.514,b
18.2,1.8816054,b
/
40.3973,2.8297112,q
35.10585,1.8816054,q
77.079506,4.8826833,q
52.25,2.514,q
71.87143,5.36,q
44.1,2.39,q
105.8805,5.47,q
20.75,1.3633709,q
138.305,6.368272,q
15.1798115,1.9358866,q
19.837088,1.8897969,q
40.95,2.39,q
15.25,1.2096406,q
64.68434,3.7223063,q
40.3973,4.8826833,b
40.3973,5.47,b
35.10585,3.7223063,b
35.10585,2.514,b
77.079506,2.8297112,b
77.079506,5.36,b
77.079506,2.39,b
52.25,1.8816054,b
52.25,2.39,b
52.25,1.2096406,b
71.87143,4.8826833,b
71.87143,2.39,b
44.1,2.514,b
44.1,1.3633709,b
89.8,5.36,b
89.8,5.47,b
204.85,2.39,b
204.85,1.3633709,b
105.8805,2.8297112,b
159.44545,1.8816054,b
159.44545,3.7223063,b
20.75,2.39,b
166.7413,5.36,b
166.7413,6.368272,b
166.7413,1.8897969,b
127.637375,1.9358866,b
138.305,1.8897969,b
19.837088,6.368272,b
40.95,4.8826833,b
40.95,5.36,b
177.878,2.514,b
177.878,1.2096406,b
177.878,4.8826833,b
15.25,2.514,b
64.68434,1.8816054,b
/
40.3973,2.8297112,q
35.10585,1.8816054,q
77.079506,4.8826833,q
52.25,2.514,q
71.87143,5.36,q
44.1,2.39,q
105.8805,5.47,q
20.75,1.3633709,q
138.305,6.368272,q
15.1798115,1.9358866,q
19.837088,1.8897969,q
40.95,2.39,q
15.25,1.2096406,q
64.68434,3.7223063,q
40.3973,4.8826833,b
40.3973,5.47,b
35.10585,3.7223063,b
35.10585,2.514,b
77.079506,2.8297112,b
77.079506,5.36,b
77.079506,2.39,b
52.25,1.8816054,b
52.25,2.39,b
52.25,1.2096406,b
71.87143,4.8826833,b
71.87143,2.39,b
44.1,2.514,b
44.1,1.3633709,b
89.8,5.36,b
89.8,5.47,b
204.85,2.39,b
204.85,1.3633709,b
105.8805,2.8297112,b
159.44545,1.8816054,b
159.44545,3.7223063,b
20.75,2.39,b
166.7413,5.36,b
166.7413,6.368272,b
166.7413,1.8897969,b
127.637375,1.9358866,b
138.305,1.8897969,b
19.837088,6.368272,b
40.95,4.8826833,b
40.95,5.36,b
177.878,2.514,b
177.878,1.2096406,b
177.878,4.8826833,b
15.25,2.514,b
64.68434,1.8816054,b
/
40.3973,2.8297112,q
35.10585,1.8816054,q
77.51428,4.628,q
49.4,4.126,q
71.009094,5.548,q
44.1,2.39,q
105.8805,5.47,q
20.75,1.3556373,q
138.59987,6.3505483,q
15.208839,1.9360517,q
19.94382,1.8861449,q
122.00995,5.964587,q
64.68434,3.7223063,q
40.3973,4.628,b
40.3973,5.47,b
35.10585,3.7223063,b
35.10585,4.126,b
77.51428,2.8297112,b
77.51428,5.548,b
49.4,1.8816054,b
49.4,2.39,b
49.4,5.964587,b
71.009094,4.628,b
44.1,4.126,b
44.1,1.3556373,b
89.8,5.548,b
89.8,5.47,b
204.85,2.39,b
204.85,1.3556373,b
105.8805,2.8297112,b
159.44545,1.8816054,b
159.44545,3.7223063,b
20.75,2.39,b
167.2913,5.548,b
167.2913,6.3505483,b
167.2913,1.8861449,b
127.5063,1.9360517,b
138.59987,1.8861449,b
19.94382,6.3505483,b
134.74522,4.628,b
134.74522,5.548,b
122.00995,4.126,b
169.53275,4.126,b
169.53275,5.964587,b
169.53275,4.628,b
64.68434,1.8816054,b
/
114.56877,5.2613125,q
66.77,5.0525,q
79.1312,4.65765,q
49.4,4.126,q
77.079506,4.8826833,q
44.1,2.39,q
105.7,5.72,q
22.95498,1.3690807,q
122.5,5.9855576,q
138.81233,6.245597,q
15.250804,1.9478815,q
19.817142,1.8826485,q
132.03557,4.65765,b
132.03557,5.72,b
114.56877,5.0525,b
66.77,5.2613125,b
66.77,4.126,b
79.1312,4.8826833,b
49.4,5.0525,b
49.4,2.39,b
49.4,5.9855576,b
77.079506,4.65765,b
44.1,4.126,b
44.1,1.3690807,b
89.8,4.8826833,b
89.8,5.72,b
204.85,2.39,b
204.85,1.3690807,b
160.32428,5.2613125,b
160.32428,5.0525,b
22.95498,2.39,b
172.07272,4.8826833,b
172.07272,4.126,b
172.07272,5.9855576,b
138.8,4.65765,b
138.8,4.8826833,b
122.5,4.126,b
167.45047,4.65765,b
167.45047,6.245597,b
167.45047,1.8826485,b
127.364,1.9478815,b
138.81233,1.8826485,b
19.817142,6.245597,b
/
40.3973,2.8297112,q
73.81579,4.379091,q
54.0,2.68,q
79.1312,4.65765,q
76.39619,4.6164446,q
40.613503,2.2838635,q
105.8805,5.47,q
20.75,1.3577634,q
34.549488,2.538993,q
17.382067,1.143948,q
120.3,5.9470625,q
18.873089,1.0307971,q
40.3973,2.68,b
40.3973,5.47,b
73.81579,1.0307971,b
73.81579,4.65765,b
54.0,2.8297112,b
54.0,4.6164446,b
54.0,5.9470625,b
79.1312,4.379091,b
79.1312,2.2838635,b
76.39619,2.68,b
40.613503,4.65765,b
40.613503,1.3577634,b
89.8,4.6164446,b
89.8,5.47,b
204.85,2.2838635,b
204.85,1.3577634,b
105.8805,2.8297112,b
159.44545,4.379091,b
159.44545,1.0307971,b
20.75,2.2838635,b
176.2,4.6164446,b
176.2,1.143948,b
17.382067,1.143948,b
169.53102,4.65765,b
169.53102,2.68,b
169.53102,5.9470625,b
137.3,4.379091,b
137.3,4.65765,b
120.3,2.68,b
18.873089,4.379091,b
/
40.3973,2.8297112,q
73.81579,4.379091,q
54.0,2.68,q
79.1312,4.65765,q
76.39619,4.6164446,q
40.613503,2.2838635,q
105.8805,5.47,q
20.75,1.3643296,q
125.91902,5.8418274,q
19.115456,1.9227718,q
120.3,5.9470625,q
18.873089,1.0307971,q
40.3973,2.68,b
40.3973,5.47,b
73.81579,1.0307971,b
73.81579,4.65765,b
54.0,2.8297112,b
54.0,4.6164446,b
54.0,5.9470625,b
79.1312,4.379091,b
79.1312,2.2838635,b
76.39619,2.68,b
40.613503,4.65765,b
40.613503,1.3643296,b
89.8,4.6164446,b
89.8,5.47,b
204.85,2.2838635,b
204.85,1.3643296,b
105.8805,2.8297112,b
159.44545,4.379091,b
159.44545,1.0307971,b
20.75,2.2838635,b
165.87933,4.6164446,b
165.87933,5.8418274,b
165.87933,1.9227718,b
125.91902,1.9227718,b
19.115456,5.8418274,b
169.53102,4.65765,b
169.53102,2.68,b
169.53102,5.9470625,b
137.3,4.379091,b
137.3,4.65765,b
120.3,2.68,b
18.873089,4.379091,b
/
114.56877,5.2613125,q
66.77,5.0525,q
79.1312,4.65765,q
49.4,4.126,q
77.079506,4.8826833,q
44.1,2.39,q
105.7,5.72,q
22.95498,1.3690807,q
122.5,5.9855576,q
138.81233,6.245597,q
15.250804,1.9478815,q
19.817142,1.8826485,q
132.03557,4.65765,b
132.03557,5.72,b
114.56877,5.0525,b
66.77,5.2613125,b
66.77,4.126,b
79.1312,4.8826833,b
49.4,5.0525,b
49.4,2.39,b
49.4,5.9855576,b
77.079506,4.65765,b
44.1,4.126,b
44.1,1.3690807,b
89.8,4.8826833,b
89.8,5.72,b
204.85,2.39,b
204.85,1.3690807,b
160.32428,5.2613125,b
160.32428,5.0525,b
22.95498,2.39,b
172.07272,4.8826833,b
172.07272,4.126,b
172.07272,5.9855576,b
138.8,4.65765,b
138.8,4.8826833,b
122.5,4.126,b
167.45047,4.65765,b
167.45047,6.245597,b
167.45047,1.8826485,b
127.364,1.9478815,b
138.81233,1.8826485,b
19.817142,6.245597,b
/
114.56877,5.2613125,q
32.48428,2.602,q
71.12727,4.54,q
53.77778,2.73,q
77.079506,4.8826833,q
44.1,2.39,q
105.7,5.72,q
22.866028,1.3707983,q
121.49,5.9470625,q
125.56323,5.84212,q
18.967731,1.9127483,q
132.03557,4.54,b
132.03557,5.72,b
114.56877,2.602,b
32.48428,5.2613125,b
32.48428,2.73,b
71.12727,4.8826833,b
53.77778,2.602,b
53.77778,2.39,b
53.77778,5.9470625,b
77.079506,4.54,b
44.1,2.73,b
44.1,1.3707983,b
89.8,4.8826833,b
89.8,5.72,b
204.85,2.39,b
204.85,1.3707983,b
160.32428,5.2613125,b
160.32428,2.602,b
22.866028,2.39,b
170.2,4.8826833,b
170.2,2.73,b
170.2,5.9470625,b
135.34,4.54,b
135.34,4.8826833,b
121.49,2.73,b
166.08275,4.54,b
166.08275,5.84212,b
166.08275,1.9127483,b
125.56323,1.9127483,b
18.967731,5.84212,b
/
130.61508,5.5790873,q
77.222336,5.159698,q
51.1,3.4174943,q
73.0,5.2075,q
44.1,2.455463,q
101.56337,5.8576937,q
23.02752,1.3859856,q
13.3,1.398488,q
58.0,4.528926,q
13.140698,1.18,q
121.68247,6.0944242,q
13.142271,2.112331,q
132.37933,5.159698,b
132.37933,5.8576937,b
130.61508,2.112331,b
130.61508,3.4174943,b
77.222336,5.2075,b
51.1,5.5790873,b
51.1,2.455463,b
51.1,6.0944242,b
73.0,5.159698,b
44.1,3.4174943,b
44.1,1.3859856,b
89.82755,5.2075,b
89.82755,5.8576937,b
206.89253,2.455463,b
206.89253,1.3859856,b
181.48999,5.5790873,b
181.48999,2.112331,b
23.02752,2.455463,b
172.75122,5.2075,b
172.75122,1.398488,b
172.75122,4.528926,b
57.4,1.18,b
57.4,4.528926,b
13.3,4.528926,b
58.0,1.398488,b
134.39624,5.159698,b
134.39624,5.2075,b
121.68247,3.4174943,b
169.17596,3.4174943,b
169.17596,6.0944242,b
169.17596,5.159698,b
13.142271,5.5790873,b
/
130.63986,5.5645723,q
77.24569,5.156163,q
50.04984,3.371338,q
67.17645,5.4961534,q
38.70867,2.4200873,q
101.560844,5.855807,q
23.02741,1.3949589,q
138.62907,6.328832,q
15.210696,1.9377534,q
19.926172,1.884675,q
121.640305,6.1126623,q
13.141947,2.112026,q
132.3661,5.156163,b
132.3661,5.855807,b
130.63986,2.112026,b
130.63986,3.371338,b
77.24569,5.4961534,b
50.04984,5.5645723,b
50.04984,2.4200873,b
50.04984,6.1126623,b
67.17645,5.156163,b
38.70867,3.371338,b
38.70867,1.3949589,b
89.86456,5.4961534,b
89.86456,5.855807,b
206.91089,2.4200873,b
206.91089,1.3949589,b
181.49269,5.5645723,b
181.49269,2.112026,b
23.02741,2.4200873,b
166.77103,5.4961534,b
166.77103,6.328832,b
166.77103,1.884675,b
127.48753,1.9377534,b
138.62907,1.884675,b
19.926172,6.328832,b
134.50272,5.156163,b
134.50272,5.4961534,b
121.640305,3.371338,b
169.19327,3.371338,b
169.19327,6.1126623,b
169.19327,5.156163,b
13.141947,5.5645723,b
/
130.62387,5.5788736,q
77.18261,5.163918,q
51.1,3.4160876,q
73.0,5.2075,q
44.1,2.4204967,q
101.56145,5.8568773,q
23.02557,1.3879031,q
71.216125,4.488,q
16.941935,1.308,q
18.45,1.398488,q
121.728745,6.096022,q
13.142006,2.1122105,q
132.3761,5.163918,b
132.3761,5.8568773,b
130.62387,2.1122105,b
130.62387,3.4160876,b
77.18261,5.2075,b
51.1,5.5788736,b
51.1,2.4204967,b
51.1,6.096022,b
73.0,5.163918,b
44.1,3.4160876,b
44.1,1.3879031,b
89.75186,5.2075,b
89.75186,5.8568773,b
206.90274,2.4204967,b
206.90274,1.3879031,b
181.49554,5.5788736,b
181.49554,2.1122105,b
23.02557,2.4204967,b
172.75122,5.2075,b
172.75122,4.488,b
172.75122,1.398488,b
77.3,1.308,b
71.216125,1.398488,b
18.45,4.488,b
134.38342,5.163918,b
134.38342,5.2075,b
121.728745,3.4160876,b
169.19911,3.4160876,b
169.19911,6.096022,b
169.19911,5.163918,b
13.142006,5.5788736,b
/
37.2,2.8297112,q
35.10585,1.8816054,q
77.51428,4.628,q
54.0,2.68,q
71.009094,5.548,q
44.1,2.39,q
105.8805,5.47,q
20.75,1.3536575,q
125.69395,5.8416667,q
19.094511,1.9166569,q
122.041626,5.9470625,q
18.2,1.0307971,q
37.2,4.628,b
37.2,5.47,b
35.10585,1.0307971,b
35.10585,2.68,b
77.51428,2.8297112,b
77.51428,5.548,b
54.0,1.8816054,b
54.0,2.39,b
54.0,5.9470625,b
71.009094,4.628,b
44.1,2.68,b
44.1,1.3536575,b
89.8,5.548,b
89.8,5.47,b
204.85,2.39,b
204.85,1.3536575,b
105.8805,2.8297112,b
159.44545,1.8816054,b
159.44545,1.0307971,b
20.75,2.39,b
165.75,5.548,b
165.75,5.8416667,b
165.75,1.9166569,b
125.69395,1.9166569,b
19.094511,5.8416667,b
138.93861,4.628,b
138.93861,5.548,b
122.041626,2.68,b
169.54164,2.68,b
169.54164,5.9470625,b
169.54164,4.628,b
18.2,1.8816054,b
/
37.2,2.8297112,q
35.10585,1.8816054,q
77.51428,4.628,q
49.4,4.126,q
71.009094,5.548,q
44.1,2.39,q
105.8805,5.47,q
20.75,1.3536117,q
138.59854,6.350562,q
15.208748,1.9360607,q
19.942276,1.8861883,q
122.01875,5.963471,q
18.2,1.0307971,q
37.2,4.628,b
37.2,5.47,b
35.10585,1.0307971,b
35.10585,4.126,b
77.51428,2.8297112,b
77.51428,5.548,b
49.4,1.8816054,b
49.4,2.39,b
49.4,5.963471,b
71.009094,4.628,b
44.1,4.126,b
44.1,1.3536117,b
89.8,5.548,b
89.8,5.47,b
204.85,2.39,b
204.85,1.3536117,b
105.8805,2.8297112,b
159.44545,1.8816054,b
159.44545,1.0307971,b
20.75,2.39,b
167.2913,5.548,b
167.2913,6.350562,b
167.2913,1.8861883,b
127.50696,1.9360607,b
138.59854,1.8861883,b
19.942276,6.350562,b
134.75261,4.628,b
134.75261,5.548,b
122.01875,4.126,b
169.54279,4.126,b
169.54279,5.963471,b
169.54279,4.628,b
18.2,1.8816054,b
/
135.1,5.599807,q
77.68077,5.283,q
51.0,3.338889,q
79.1312,4.65765,q
74.2873,4.110833,q
105.7,5.72,q
22.4,1.245,q
41.067307,2.3183618,q
26.588364,1.6265233,q
11.7242,0.89137906,q
15.723852,1.1145653,q
121.413124,6.0969872,q
13.142633,2.1211104,q
130.3,5.283,b
130.3,5.72,b
135.1,2.1211104,b
135.1,3.338889,b
77.68077,4.65765,b
51.0,5.599807,b
51.0,4.110833,b
51.0,6.0969872,b
79.1312,5.283,b
74.2873,3.338889,b
74.2873,1.245,b
82.95,4.65765,b
82.95,5.72,b
197.67567,4.110833,b
197.67567,1.245,b
186.9,5.599807,b
186.9,2.1211104,b
22.4,4.110833,b
175.75166,4.65765,b
175.75166,1.6265233,b
175.75166,1.1145653,b
41.067307,0.89137906,b
26.588364,1.1145653,b
11.7242,2.3183618,b
15.723852,1.6265233,b
138.5,5.283,b
138.5,4.65765,b
121.413124,3.338889,b
169.27797,3.338889,b
169.27797,6.0969872,b
169.27797,5.283,b
13.142633,5.599807,b
/
135.1,5.599771,q
77.68077,5.283,q
51.0,3.338889,q
79.1312,4.65765,q
74.2873,4.110833,q
105.7,5.72,q
22.4,1.245,q
35.197205,2.5568693,q
17.17787,1.1458671,q
17.177872,1.1458671,q
121.41466,6.0970235,q
13.142598,2.1211295,q
130.3,5.283,b
130.3,5.72,b
135.1,2.1211295,b
135.1,3.338889,b
77.68077,4.65765,b
51.0,5.599771,b
51.0,4.110833,b
51.0,6.0970235,b
79.1312,5.283,b
74.2873,3.338889,b
74.2873,1.245,b
82.95,4.65765,b
82.95,5.72,b
197.67567,4.110833,b
197.67567,1.245,b
186.9,5.599771,b
186.9,2.1211295,b
22.4,4.110833,b
175.7,4.65765,b
175.7,1.1458671,b
17.17787,1.1458671,b
17.177872,1.1458671,b
138.5,5.283,b
138.5,4.65765,b
121.41466,3.338889,b
169.28075,3.338889,b
169.28075,6.0970235,b
169.28075,5.283,b
13.142598,5.599771,b
/
128.35,5.749885,q
76.68875,5.283,q
49.91096,3.3827062,q
67.139305,5.496592,q
38.707794,2.4222126,q
102.26611,5.72,q
23.117565,1.3951259,q
138.63016,6.328978,q
15.210742,1.9377476,q
19.927256,1.8846884,q
121.64136,6.111312,q
59.24174,4.2416945,q
135.91223,5.283,b
135.91223,5.72,b
128.35,4.2416945,b
128.35,3.3827062,b
76.68875,5.496592,b
49.91096,5.749885,b
49.91096,2.4222126,b
49.91096,6.111312,b
67.139305,5.283,b
38.707794,3.3827062,b
38.707794,1.3951259,b
90.14555,5.496592,b
90.14555,5.72,b
206.77676,2.4222126,b
206.77676,1.3951259,b
180.8279,5.749885,b
180.8279,4.2416945,b
23.117565,2.4222126,b
166.7706,5.496592,b
166.7706,6.328978,b
166.7706,1.8846884,b
127.48695,1.9377476,b
138.63016,1.8846884,b
19.927256,6.328978,b
134.46469,5.283,b
134.46469,5.496592,b
121.64136,3.3827062,b
169.19208,3.3827062,b
169.19208,6.111312,b
169.19208,5.283,b
59.24174,5.749885,b
/
128.35,5.749885,q
76.68875,5.283,q
49.91096,3.3827062,q
67.139305,5.496592,q
38.707794,2.4222126,q
102.26611,5.72,q
23.117565,1.3951259,q
138.63016,6.328978,q
15.210742,1.9377476,q
19.927256,1.8846884,q
121.64136,6.111312,q
59.24174,4.2416945,q
135.91223,5.283,b
135.91223,5.72,b
128.35,4.2416945,b
128.35,3.3827062,b
76.68875,5.496592,b
49.91096,5.749885,b
49.91096,2.4222126,b
49.91096,6.111312,b
67.139305,5.283,b
38.707794,3.3827062,b
38.707794,1.3951259,b
90.14555,5.496592,b
90.14555,5.72,b
206.77676,2.4222126,b
206.77676,1.3951259,b
180.8279,5.749885,b
180.8279,4.2416945,b
23.117565,2.4222126,b
166.7706,5.496592,b
166.7706,6.328978,b
166.7706,1.8846884,b
127.48695,1.9377476,b
138.63016,1.8846884,b
19.927256,6.328978,b
134.46469,5.283,b
134.46469,5.496592,b
121.64136,3.3827062,b
169.19208,3.3827062,b
169.19208,6.111312,b
169.19208,5.283,b
59.24174,5.749885,b
/
128.34824,5.749885,q
76.67665,5.283,q
49.851128,3.3856215,q
73.0,5.510764,q
38.676064,2.423714,q
102.26555,5.72,q
23.111187,1.3952382,q
125.719986,5.840683,q
19.08938,1.9173454,q
121.64658,6.111234,q
59.241608,4.2416945,q
135.91234,5.283,b
135.91234,5.72,b
128.34824,4.2416945,b
128.34824,3.3856215,b
76.67665,5.510764,b
49.851128,5.749885,b
49.851128,2.423714,b
49.851128,6.111234,b
73.0,5.283,b
38.676064,3.3856215,b
38.676064,1.3952382,b
90.135376,5.510764,b
90.135376,5.72,b
206.7758,2.423714,b
206.7758,1.3952382,b
180.82826,5.749885,b
180.82826,4.2416945,b
23.111187,2.423714,b
165.75,5.510764,b
165.75,5.840683,b
165.75,1.9173454,b
125.719986,1.9173454,b
19.08938,5.840683,b
134.44939,5.283,b
134.44939,5.510764,b
121.64658,3.3856215,b
169.19083,3.3856215,b
169.19083,6.111234,b
169.19083,5.283,b
59.241608,5.749885,b
/
135.3,5.749885,q
81.8,5.283,q
49.77653,3.4093966,q
73.0,5.515114,q
38.67771,2.4221675,q
106.7,5.72,q
23.137768,1.393856,q
125.72038,5.840681,q
19.089497,1.9173393,q
121.656654,6.111474,q
67.62983,4.780726,q
20.85598,2.0640945,q
133.6,5.283,b
133.6,5.72,b
135.3,4.780726,b
135.3,3.4093966,b
81.8,5.515114,b
49.77653,5.749885,b
49.77653,2.4221675,b
49.77653,6.111474,b
73.0,5.283,b
38.67771,3.4093966,b
38.67771,1.393856,b
90.279854,5.515114,b
90.279854,5.72,b
206.5701,2.4221675,b
206.5701,1.393856,b
184.5,5.749885,b
184.5,4.780726,b
23.137768,2.4221675,b
165.75,5.515114,b
165.75,5.840681,b
165.75,1.9173393,b
125.72038,1.9173393,b
19.089497,5.840681,b
134.40048,5.283,b
134.40048,5.515114,b
121.656654,3.4093966,b
169.14688,3.4093966,b
169.14688,6.111474,b
169.14688,5.283,b
67.62983,5.749885,b
171.27821,4.780726,b
/
114.56877,5.2613125,q
72.113335,5.535263,q
79.1312,4.65765,q
49.4,4.126,q
71.009094,5.548,q
44.1,2.39,q
105.7,5.72,q
23.090641,1.3800917,q
125.73009,5.841634,q
19.10731,1.916395,q
122.041626,5.9470625,q
20.73317,2.0151734,q
132.03557,4.65765,b
132.03557,5.72,b
114.56877,5.535263,b
72.113335,5.2613125,b
72.113335,4.126,b
79.1312,5.548,b
49.4,5.535263,b
49.4,2.39,b
49.4,5.9470625,b
71.009094,4.65765,b
44.1,4.126,b
44.1,1.3800917,b
89.8,5.548,b
89.8,5.72,b
204.85,2.39,b
204.85,1.3800917,b
160.32428,5.2613125,b
160.32428,5.535263,b
23.090641,2.39,b
165.75,5.548,b
165.75,5.841634,b
165.75,1.916395,b
125.73009,1.916395,b
19.10731,5.841634,b
138.93861,4.65765,b
138.93861,5.548,b
122.041626,4.126,b
169.53102,4.126,b
169.53102,5.9470625,b
169.53102,4.65765,b
165.9,5.535263,b
/
128.35,5.749885,q
76.68875,5.283,q
49.91096,3.3827062,q
67.139305,5.496592,q
38.707794,2.4222126,q
102.26611,5.72,q
23.117565,1.3951259,q
138.63016,6.328978,q
15.210742,1.9377476,q
19.927256,1.8846884,q
121.64136,6.111312,q
59.24174,4.2416945,q
135.91223,5.283,b
135.91223,5.72,b
128.35,4.2416945,b
128.35,3.3827062,b
76.68875,5.496592,b
49.91096,5.749885,b
49.91096,2.4222126,b
49.91096,6.111312,b
67.139305,5.283,b
38.707794,3.3827062,b
38.707794,1.3951259,b
90.14555,5.496592,b
90.14555,5.72,b
206.77676,2.4222126,b
206.77676,1.3951259,b
180.8279,5.749885,b
180.8279,4.2416945,b
23.117565,2.4222126,b
166.7706,5.496592,b
166.7706,6.328978,b
166.7706,1.8846884,b
127.48695,1.9377476,b
138.63016,1.8846884,b
19.927256,6.328978,b
134.46469,5.283,b
134.46469,5.496592,b
121.64136,3.3827062,b
169.19208,3.3827062,b
169.19208,6.111312,b
169.19208,5.283,b
59.24174,5.749885,b
/
128.35,5.749885,q
76.68875,5.283,q
49.91096,3.3827062,q
67.139305,5.496592,q
38.707794,2.4222126,q
102.26611,5.72,q
23.117565,1.3951259,q
138.63016,6.328978,q
15.210742,1.9377476,q
19.927256,1.8846884,q
121.64136,6.111312,q
59.24174,4.2416945,q
135.91223,5.283,b
135.91223,5.72,b
128.35,4.2416945,b
128.35,3.3827062,b
76.68875,5.496592,b
49.91096,5.749885,b
49.91096,2.4222126,b
49.91096,6.111312,b
67.139305,5.283,b
38.707794,3.3827062,b
38.707794,1.3951259,b
90.14555,5.496592,b
90.14555,5.72,b
206.77676,2.4222126,b
206.77676,1.3951259,b
180.8279,5.749885,b
180.8279,4.2416945,b
23.117565,2.4222126,b
166.7706,5.496592,b
166.7706,6.328978,b
166.7706,1.8846884,b
127.48695,1.9377476,b
138.63016,1.8846884,b
19.927256,6.328978,b
134.46469,5.283,b
134.46469,5.496592,b
121.64136,3.3827062,b
169.19208,3.3827062,b
169.19208,6.111312,b
169.19208,5.283,b
59.24174,5.749885,b
/
130.63708,5.564679,q
77.24962,5.1549234,q
50.042515,3.3713348,q
73.0,5.4708357,q
38.68332,2.4205103,q
101.56082,5.855766,q
23.028322,1.3945819,q
124.3,6.0456085,q
33.18905,2.4419532,q
45.38486,2.2874,q
40.3973,3.115,q
105.8805,5.47,q
44.1,2.39,q
71.009094,5.548,q
53.1,2.73,q
75.65345,4.7951665,q
121.521286,5.9470625,q
125.69954,5.84199,q
19.101665,1.9166828,q
20.75,1.3472521,q
18.873089,1.35,q
121.6364,6.112377,q
13.14197,2.1119366,q
132.36615,5.1549234,b
132.36615,5.855766,b
130.63708,2.1119366,b
130.63708,3.3713348,b
77.24962,5.4708357,b
50.042515,5.564679,b
50.042515,2.4205103,b
50.042515,6.112377,b
73.0,5.1549234,b
38.68332,3.3713348,b
38.68332,1.3945819,b
89.8697,5.4708357,b
89.8697,5.855766,b
206.91,2.4205103,b
206.91,1.3945819,b
181.4924,5.564679,b
181.4924,2.1119366,b
23.028322,2.4205103,b
166.74168,5.4708357,b
166.74168,6.0456085,b
166.74168,2.4419532,b
140.6,2.2874,b
124.3,2.4419532,b
33.18905,6.0456085,b
33.18905,3.115,b
33.18905,4.7951665,b
45.38486,1.35,b
45.38486,2.73,b
40.3973,2.4419532,b
40.3973,4.7951665,b
40.3973,5.47,b
159.44545,2.2874,b
159.44545,1.35,b
105.8805,3.115,b
204.85,2.39,b
204.85,1.3472521,b
89.8,5.47,b
89.8,5.548,b
44.1,1.3472521,b
44.1,2.73,b
71.009094,4.7951665,b
53.1,2.39,b
53.1,2.2874,b
53.1,5.9470625,b
75.65345,5.548,b
75.65345,2.4419532,b
75.65345,3.115,b
169.86429,4.7951665,b
169.86429,2.73,b
169.86429,5.9470625,b
134.88571,5.548,b
134.88571,4.7951665,b
121.521286,2.73,b
165.75,5.548,b
165.75,5.84199,b
165.75,1.9166828,b
125.69954,1.9166828,b
19.101665,5.84199,b
20.75,2.39,b
18.873089,2.2874,b
134.49799,5.1549234,b
134.49799,5.4708357,b
121.6364,3.3713348,b
169.19208,3.3713348,b
169.19208,6.112377,b
169.19208,5.1549234,b
13.14197,5.564679,b
/
37.2,2.8297112,q
35.10585,1.8816054,q
77.51428,4.628,q
49.4,2.68,q
71.009094,5.548,q
44.1,2.39,q
105.8805,5.47,q
20.75,1.3536117,q
138.59854,6.350562,q
15.208748,1.9360607,q
19.942276,1.8861883,q
122.041626,5.9470625,q
18.2,1.0307971,q
37.2,4.628,b
37.2,5.47,b
35.10585,1.0307971,b
35.10585,2.68,b
77.51428,2.8297112,b
77.51428,5.548,b
49.4,1.8816054,b
49.4,2.39,b
49.4,5.9470625,b
71.009094,4.628,b
44.1,2.68,b
44.1,1.3536117,b
89.8,5.548,b
89.8,5.47,b
204.85,2.39,b
204.85,1.3536117,b
105.8805,2.8297112,b
159.44545,1.8816054,b
159.44545,1.0307971,b
20.75,2.39,b
167.2913,5.548,b
167.2913,6.350562,b
167.2913,1.8861883,b
127.50696,1.9360607,b
138.59854,1.8861883,b
19.942276,6.350562,b
138.93861,4.628,b
138.93861,5.548,b
122.041626,2.68,b
169.54279,2.68,b
169.54279,5.9470625,b
169.54279,4.628,b
18.2,1.8816054,b
/
37.2,2.8297112,q
35.10585,1.8816054,q
77.51428,4.628,q
54.0,2.68,q
71.009094,5.548,q
44.1,2.39,q
105.8805,5.47,q
20.75,1.3536575,q
125.69395,5.8416667,q
19.094511,1.9166569,q
122.024414,5.9634147,q
18.2,1.0307971,q
37.2,4.628,b
37.2,5.47,b
35.10585,1.0307971,b
35.10585,2.68,b
77.51428,2.8297112,b
77.51428,5.548,b
54.0,1.8816054,b
54.0,2.39,b
54.0,5.9634147,b
71.009094,4.628,b
44.1,2.68,b
44.1,1.3536575,b
89.8,5.548,b
89.8,5.47,b
204.85,2.39,b
204.85,1.3536575,b
105.8805,2.8297112,b
159.44545,1.8816054,b
159.44545,1.0307971,b
20.75,2.39,b
165.75,5.548,b
165.75,5.8416667,b
165.75,1.9166569,b
125.69395,1.9166569,b
19.094511,5.8416667,b
138.93861,4.628,b
138.93861,5.548,b
122.024414,2.68,b
169.54164,2.68,b
169.54164,5.9634147,b
169.54164,4.628,b
18.2,1.8816054,b
/
135.3,5.749885,q
78.52916,5.1214547,q
40.3973,2.8297112,q
77.079506,4.8826833,q
44.1,2.39,q
106.7,5.72,q
23.00124,1.3661199,q
23.808033,1.1336969,q
129.85034,6.2578063,q
14.380503,1.8273587,q
18.545017,2.0333333,q
67.62983,4.780726,q
20.856562,2.0634434,q
133.6,5.1214547,b
133.6,5.72,b
135.3,4.780726,b
135.3,2.8297112,b
78.52916,4.8826833,b
40.3973,5.749885,b
40.3973,2.39,b
40.3973,1.1336969,b
77.079506,5.1214547,b
44.1,2.8297112,b
44.1,1.3661199,b
89.8,4.8826833,b
89.8,5.72,b
206.76497,2.39,b
206.76497,1.3661199,b
184.5,5.749885,b
184.5,4.780726,b
23.00124,2.39,b
105.65131,4.8826833,b
105.65131,2.8297112,b
105.65131,1.1336969,b
105.65131,6.2578063,b
105.65131,2.0333333,b
41.86976,5.1214547,b
41.86976,4.8826833,b
174.32646,2.8297112,b
174.32646,1.1336969,b
174.32646,5.1214547,b
23.808033,2.8297112,b
132.03557,1.8273587,b
129.85034,2.0333333,b
18.545017,6.2578063,b
67.62983,5.749885,b
171.27821,4.780726,b
/
37.2,2.8297112,q
35.10585,1.8816054,q
77.079506,4.8826833,q
55.9,2.8297112,q
44.1,2.39,q
105.8805,5.47,q
20.75,1.3137838,q
23.808033,1.1336969,q
33.47,2.35,q
15.678,0.968,q
18.2,1.0307971,q
37.2,4.8826833,b
37.2,5.47,b
35.10585,1.0307971,b
35.10585,2.8297112,b
77.079506,2.8297112,b
77.079506,4.8826833,b
55.9,1.8816054,b
55.9,2.39,b
55.9,1.1336969,b
44.1,2.8297112,b
44.1,1.3137838,b
89.8,4.8826833,b
89.8,5.47,b
204.85,2.39,b
204.85,1.3137838,b
105.8805,2.8297112,b
159.44545,1.8816054,b
159.44545,1.0307971,b
20.75,2.39,b
105.65131,4.8826833,b
105.65131,2.8297112,b
105.65131,1.1336969,b
105.65131,0.968,b
41.86976,2.35,b
41.86976,4.8826833,b
174.32646,2.8297112,b
174.32646,1.1336969,b
174.32646,4.8826833,b
23.808033,2.8297112,b
15.678,0.968,b
18.2,1.8816054,b
/
37.2,2.8297112,q
35.10585,1.8816054,q
77.079506,4.8826833,q
55.9,2.8297112,q
44.1,2.39,q
105.8805,5.47,q
20.75,1.3187399,q
23.808033,1.1336969,q
114.56877,5.2613125,q
18.545017,1.9185112,q
18.2,1.0307971,q
37.2,4.8826833,b
37.2,5.47,b
35.10585,1.0307971,b
35.10585,2.8297112,b
77.079506,2.8297112,b
77.079506,4.8826833,b
55.9,1.8816054,b
55.9,2.39,b
55.9,1.1336969,b
44.1,2.8297112,b
44.1,1.3187399,b
89.8,4.8826833,b
89.8,5.47,b
204.85,2.39,b
204.85,1.3187399,b
105.8805,2.8297112,b
159.44545,1.8816054,b
159.44545,1.0307971,b
20.75,2.39,b
105.65131,4.8826833,b
105.65131,2.8297112,b
105.65131,1.1336969,b
105.65131,5.2613125,b
105.65131,1.9185112,b
41.86976,4.8826833,b
174.32646,2.8297112,b
174.32646,1.1336969,b
174.32646,4.8826833,b
23.808033,2.8297112,b
114.56877,1.9185112,b
18.545017,5.2613125,b
18.2,1.8816054,b
/
135.3,5.749885,q
78.52916,5.1214547,q
40.3973,2.8297112,q
77.079506,4.8826833,q
44.1,2.39,q
102.145294,5.72,q
22.957937,1.3637577,q
23.808033,1.1336969,q
59.83,3.554357,q
15.33,1.2437787,q
129.85034,6.2578063,q
14.380503,1.8273587,q
18.545017,2.0333333,q
59.292183,4.2416945,q
134.5,5.1214547,b
134.5,5.72,b
135.3,4.2416945,b
135.3,2.8297112,b
78.52916,4.8826833,b
40.3973,5.749885,b
40.3973,2.39,b
40.3973,1.1336969,b
77.079506,5.1214547,b
44.1,2.8297112,b
44.1,1.3637577,b
89.8,4.8826833,b
89.8,5.72,b
206.92436,2.39,b
206.92436,1.3637577,b
184.5,5.749885,b
184.5,4.2416945,b
22.957937,2.39,b
105.65131,4.8826833,b
105.65131,2.8297112,b
105.65131,1.1336969,b
105.65131,3.554357,b
105.65131,6.2578063,b
105.65131,2.0333333,b
41.86976,5.1214547,b
41.86976,4.8826833,b
174.32646,2.8297112,b
174.32646,1.1336969,b
174.32646,5.1214547,b
23.808033,2.8297112,b
132.03557,1.8273587,b
129.85034,2.0333333,b
18.545017,6.2578063,b
59.292183,5.749885,b
/
135.1,6.01,q
78.52916,5.1214547,q
40.3973,2.8297112,q
77.079506,4.8826833,q
44.1,2.39,q
101.447754,5.8531737,q
22.872925,1.3640218,q
23.808033,1.1336969,q
129.85034,6.2578063,q
14.380503,1.8273587,q
18.545017,2.0333333,q
13.213957,2.1193395,q
130.3,5.1214547,b
130.3,5.8531737,b
135.1,2.1193395,b
135.1,2.8297112,b
78.52916,4.8826833,b
40.3973,6.01,b
40.3973,2.39,b
40.3973,1.1336969,b
77.079506,5.1214547,b
44.1,2.8297112,b
44.1,1.3640218,b
89.8,4.8826833,b
89.8,5.8531737,b
207.07413,2.39,b
207.07413,1.3640218,b
186.9,6.01,b
186.9,2.1193395,b
22.872925,2.39,b
105.65131,4.8826833,b
105.65131,2.8297112,b
105.65131,1.1336969,b
105.65131,6.2578063,b
105.65131,2.0333333,b
41.86976,5.1214547,b
41.86976,4.8826833,b
174.32646,2.8297112,b
174.32646,1.1336969,b
174.32646,5.1214547,b
23.808033,2.8297112,b
132.03557,1.8273587,b
129.85034,2.0333333,b
18.545017,6.2578063,b
13.213957,6.01,b
/
135.1,6.01,q
78.52916,5.1214547,q
40.3973,2.8297112,q
77.079506,4.8826833,q
44.1,2.39,q
101.44451,5.8519697,q
22.854889,1.3627716,q
23.808033,1.1336969,q
49.86359,3.3380468,q
129.85034,6.2578063,q
14.380503,1.8273587,q
18.545017,2.0333333,q
13.2111,2.1191819,q
130.3,5.1214547,b
130.3,5.8519697,b
135.1,2.1191819,b
135.1,2.8297112,b
78.52916,4.8826833,b
40.3973,6.01,b
40.3973,2.39,b
40.3973,1.1336969,b
77.079506,5.1214547,b
44.1,2.8297112,b
44.1,1.3627716,b
89.8,4.8826833,b
89.8,5.8519697,b
207.04102,2.39,b
207.04102,1.3627716,b
186.9,6.01,b
186.9,2.1191819,b
22.854889,2.39,b
105.65131,4.8826833,b
105.65131,2.8297112,b
105.65131,1.1336969,b
105.65131,3.3380468,b
105.65131,6.2578063,b
105.65131,2.0333333,b
41.86976,5.1214547,b
41.86976,4.8826833,b
174.32646,2.8297112,b
174.32646,1.1336969,b
174.32646,5.1214547,b
23.808033,2.8297112,b
132.03557,1.8273587,b
129.85034,2.0333333,b
18.545017,6.2578063,b
13.2111,6.01,b
/
40.3973,2.8297112,q
74.33129,4.1861405,q
79.1312,4.65765,q
55.9,2.8297112,q
77.079506,4.8826833,q
44.1,2.39,q
105.8805,5.47,q
20.75,1.3136734,q
23.808033,1.1336969,q
33.47,2.35,q
15.678,0.968,q
18.873089,1.0307971,q
40.3973,4.65765,b
40.3973,5.47,b
74.33129,1.0307971,b
74.33129,2.8297112,b
79.1312,2.8297112,b
79.1312,4.8826833,b
55.9,4.1861405,b
55.9,2.39,b
55.9,1.1336969,b
77.079506,4.65765,b
44.1,2.8297112,b
44.1,1.3136734,b
89.8,4.8826833,b
89.8,5.47,b
204.85,2.39,b
204.85,1.3136734,b
105.8805,2.8297112,b
159.44545,4.1861405,b
159.44545,1.0307971,b
20.75,2.39,b
105.65131,4.8826833,b
105.65131,2.8297112,b
105.65131,1.1336969,b
105.65131,0.968,b
41.86976,2.35,b
41.86976,4.65765,b
41.86976,4.8826833,b
174.32646,2.8297112,b
174.32646,1.1336969,b
174.32646,4.65765,b
23.808033,2.8297112,b
15.678,0.968,b
18.873089,4.1861405,b
/
37.2,2.8297112,q
35.10585,1.8816054,q
77.079506,4.8826833,q
55.9,2.8297112,q
44.1,2.39,q
105.8805,5.47,q
20.75,1.3187399,q
23.808033,1.1336969,q
114.56877,5.2613125,q
18.545017,1.9185112,q
18.2,1.0307971,q
37.2,4.8826833,b
37.2,5.47,b
35.10585,1.0307971,b
35.10585,2.8297112,b
77.079506,2.8297112,b
77.079506,4.8826833,b
55.9,1.8816054,b
55.9,2.39,b
55.9,1.1336969,b
44.1,2.8297112,b
44.1,1.3187399,b
89.8,4.8826833,b
89.8,5.47,b
204.85,2.39,b
204.85,1.3187399,b
105.8805,2.8297112,b
159.44545,1.8816054,b
159.44545,1.0307971,b
20.75,2.39,b
105.65131,4.8826833,b
105.65131,2.8297112,b
105.65131,1.1336969,b
105.65131,5.2613125,b
105.65131,1.9185112,b
41.86976,4.8826833,b
174.32646,2.8297112,b
174.32646,1.1336969,b
174.32646,4.8826833,b
23.808033,2.8297112,b
114.56877,1.9185112,b
18.545017,5.2613125,b
18.2,1.8816054,b
/
37.2,2.8297112,q
35.10585,1.8816054,q
77.079506,4.8826833,q
52.25,2.514,q
71.87143,5.36,q
44.1,2.39,q
105.8805,5.47,q
20.75,1.3614609,q
138.30324,6.368266,q
15.179693,1.9358978,q
19.835318,1.8898512,q
40.95,2.39,q
15.25,1.2095491,q
18.2,1.0307971,q
37.2,4.8826833,b
37.2,5.47,b
35.10585,1.0307971,b
35.10585,2.514,b
77.079506,2.8297112,b
77.079506,5.36,b
77.079506,2.39,b
52.25,1.8816054,b
52.25,2.39,b
52.25,1.2095491,b
71.87143,4.8826833,b
71.87143,2.39,b
44.1,2.514,b
44.1,1.3614609,b
89.8,5.36,b
89.8,5.47,b
204.85,2.39,b
204.85,1.3614609,b
105.8805,2.8297112,b
159.44545,1.8816054,b
159.44545,1.0307971,b
20.75,2.39,b
166.74283,5.36,b
166.74283,6.368266,b
166.74283,1.8898512,b
127.63811,1.9358978,b
138.30324,1.8898512,b
19.835318,6.368266,b
40.95,4.8826833,b
40.95,5.36,b
177.878,2.514,b
177.878,1.2095491,b
177.878,4.8826833,b
15.25,2.514,b
18.2,1.8816054,b
/
37.2,2.8297112,q
35.10585,1.8816054,q
77.079506,4.8826833,q
55.9,2.8297112,q
44.1,2.39,q
105.8805,5.47,q
20.75,1.3169162,q
23.808033,1.1336969,q
49.86359,3.3380468,q
129.85034,6.2578063,q
14.380503,1.8273587,q
18.545017,2.0333333,q
18.2,1.0307971,q
37.2,4.8826833,b
37.2,5.47,b
35.10585,1.0307971,b
35.10585,2.8297112,b
77.079506,2.8297112,b
77.079506,4.8826833,b
55.9,1.8816054,b
55.9,2.39,b
55.9,1.1336969,b
44.1,2.8297112,b
44.1,1.3169162,b
89.8,4.8826833,b
89.8,5.47,b
204.85,2.39,b
204.85,1.3169162,b
105.8805,2.8297112,b
159.44545,1.8816054,b
159.44545,1.0307971,b
20.75,2.39,b
105.65131,4.8826833,b
105.65131,2.8297112,b
105.65131,1.1336969,b
105.65131,3.3380468,b
105.65131,6.2578063,b
105.65131,2.0333333,b
41.86976,4.8826833,b
174.32646,2.8297112,b
174.32646,1.1336969,b
174.32646,4.8826833,b
23.808033,2.8297112,b
132.03557,1.8273587,b
129.85034,2.0333333,b
18.545017,6.2578063,b
18.2,1.8816054,b
/
37.2,2.8297112,q
35.10585,1.8816054,q
77.079506,4.8826833,q
55.9,2.8297112,q
44.1,2.39,q
105.8805,5.47,q
20.75,1.314092,q
23.808033,1.1336969,q
51.58392,2.7926207,q
25.830479,1.398488,q
18.2,1.0307971,q
37.2,4.8826833,b
37.2,5.47,b
35.10585,1.0307971,b
35.10585,2.8297112,b
77.079506,2.8297112,b
77.079506,4.8826833,b
55.9,1.8816054,b
55.9,2.39,b
55.9,1.1336969,b
44.1,2.8297112,b
44.1,1.314092,b
89.8,4.8826833,b
89.8,5.47,b
204.85,2.39,b
204.85,1.314092,b
105.8805,2.8297112,b
159.44545,1.8816054,b
159.44545,1.0307971,b
20.75,2.39,b
106.7,4.8826833,b
106.7,2.8297112,b
106.7,1.1336969,b
106.7,2.7926207,b
106.7,1.398488,b
41.86976,4.8826833,b
174.32646,2.8297112,b
174.32646,1.1336969,b
174.32646,4.8826833,b
23.808033,2.8297112,b
77.47984,2.7926207,b
51.58392,1.398488,b
25.830479,2.7926207,b
18.2,1.8816054,b
/
135.3,5.749885,q
78.52916,5.1214547,q
40.3973,2.8297112,q
77.079506,4.8826833,q
44.1,2.39,q
106.7,5.72,q
23.00124,1.3661199,q
23.808033,1.1336969,q
129.85034,6.2578063,q
14.380503,1.8273587,q
18.545017,2.0333333,q
67.62983,4.780726,q
20.856562,2.0634434,q
133.6,5.1214547,b
133.6,5.72,b
135.3,4.780726,b
135.3,2.8297112,b
78.52916,4.8826833,b
40.3973,5.749885,b
40.3973,2.39,b
40.3973,1.1336969,b
77.079506,5.1214547,b
44.1,2.8297112,b
44.1,1.3661199,b
89.8,4.8826833,b
89.8,5.72,b
206.76497,2.39,b
206.76497,1.3661199,b
184.5,5.749885,b
184.5,4.780726,b
23.00124,2.39,b
105.65131,4.8826833,b
105.65131,2.8297112,b
105.65131,1.1336969,b
105.65131,6.2578063,b
105.65131,2.0333333,b
41.86976,5.1214547,b
41.86976,4.8826833,b
174.32646,2.8297112,b
174.32646,1.1336969,b
174.32646,5.1214547,b
23.808033,2.8297112,b
132.03557,1.8273587,b
129.85034,2.0333333,b
18.545017,6.2578063,b
67.62983,5.749885,b
171.27821,4.780726,b
/
135.3,5.749885,q
78.52916,5.1214547,q
40.3973,2.8297112,q
77.079506,4.8826833,q
44.1,2.39,q
106.7,5.72,q
23.004276,1.3591495,q
23.808033,1.1336969,q
37.01116,2.3,q
14.981539,1.1,q
26.225235,1.4425417,q
11.629268,0.8835634,q
67.62983,4.780726,q
20.856543,2.0634284,q
133.6,5.1214547,b
133.6,5.72,b
135.3,4.780726,b
135.3,2.8297112,b
78.52916,4.8826833,b
40.3973,5.749885,b
40.3973,2.39,b
40.3973,1.1336969,b
77.079506,5.1214547,b
44.1,2.8297112,b
44.1,1.3591495,b
89.8,4.8826833,b
89.8,5.72,b
206.79851,2.39,b
206.79851,1.3591495,b
184.5,5.749885,b
184.5,4.780726,b
23.004276,2.39,b
105.65131,4.8826833,b
105.65131,2.8297112,b
105.65131,1.1336969,b
105.65131,1.1,b
105.65131,1.4425417,b
41.86976,2.3,b
41.86976,5.1214547,b
41.86976,4.8826833,b
174.32646,2.8297112,b
174.32646,1.1336969,b
174.32646,5.1214547,b
23.808033,2.8297112,b
37.01116,0.8835634,b
14.981539,1.4425417,b
26.225235,1.1,b
11.629268,2.3,b
67.62983,5.749885,b
171.27821,4.780726,b
/
135.3,5.749885,q
78.52916,5.1214547,q
40.3973,2.8297112,q
77.079506,4.8826833,q
44.1,2.39,q
106.7,5.72,q
22.998999,1.366101,q
23.808033,1.1336969,q
114.56877,5.2613125,q
18.545017,1.9185112,q
67.62983,4.780726,q
20.856558,2.0634434,q
133.6,5.1214547,b
133.6,5.72,b
135.3,4.780726,b
135.3,2.8297112,b
78.52916,4.8826833,b
40.3973,5.749885,b
40.3973,2.39,b
40.3973,1.1336969,b
77.079506,5.1214547,b
44.1,2.8297112,b
44.1,1.366101,b
89.8,4.8826833,b
89.8,5.72,b
206.76823,2.39,b
206.76823,1.366101,b
184.5,5.749885,b
184.5,4.780726,b
22.998999,2.39,b
105.65131,4.8826833,b
105.65131,2.8297112,b
105.65131,1.1336969,b
105.65131,5.2613125,b
105.65131,1.9185112,b
41.86976,5.1214547,b
41.86976,4.8826833,b
174.32646,2.8297112,b
174.32646,1.1336969,b
174.32646,5.1214547,b
23.808033,2.8297112,b
114.56877,1.9185112,b
18.545017,5.2613125,b
67.62983,5.749885,b
171.27821,4.780726,b
/
135.3,5.749885,q
78.52916,5.1214547,q
40.3973,2.8297112,q
77.079506,4.8826833,q
44.1,2.39,q
102.14832,5.72,q
22.974436,1.3657873,q
23.808033,1.1336969,q
129.85034,6.2578063,q
14.380503,1.8273587,q
18.545017,2.0333333,q
59.29359,4.2416945,q
134.5,5.1214547,b
134.5,5.72,b
135.3,4.2416945,b
135.3,2.8297112,b
78.52916,4.8826833,b
40.3973,5.749885,b
40.3973,2.39,b
40.3973,1.1336969,b
77.079506,5.1214547,b
44.1,2.8297112,b
44.1,1.3657873,b
89.8,4.8826833,b
89.8,5.72,b
206.95963,2.39,b
206.95963,1.3657873,b
184.5,5.749885,b
184.5,4.2416945,b
22.974436,2.39,b
105.65131,4.8826833,b
105.65131,2.8297112,b
105.65131,1.1336969,b
105.65131,6.2578063,b
105.65131,2.0333333,b
41.86976,5.1214547,b
41.86976,4.8826833,b
174.32646,2.8297112,b
174.32646,1.1336969,b
174.32646,5.1214547,b
23.808033,2.8297112,b
132.03557,1.8273587,b
129.85034,2.0333333,b
18.545017,6.2578063,b
59.29359,5.749885,b
/
135.3,5.749885,q
78.52916,5.1214547,q
40.3973,2.8297112,q
77.079506,4.8826833,q
44.1,2.39,q
102.144264,5.72,q
22.977291,1.3592752,q
23.808033,1.1336969,q
37.01116,2.3,q
14.981539,1.1,q
26.225235,1.4425417,q
11.629268,0.8835634,q
59.29419,4.2416945,q
134.5,5.1214547,b
134.5,5.72,b
135.3,4.2416945,b
135.3,2.8297112,b
78.52916,4.8826833,b
40.3973,5.749885,b
40.3973,2.39,b
40.3973,1.1336969,b
77.079506,5.1214547,b
44.1,2.8297112,b
44.1,1.3592752,b
89.8,4.8826833,b
89.8,5.72,b
206.99239,2.39,b
206.99239,1.3592752,b
184.5,5.749885,b
184.5,4.2416945,b
22.977291,2.39,b
105.65131,4.8826833,b
105.65131,2.8297112,b
105.65131,1.1336969,b
105.65131,1.1,b
105.65131,1.4425417,b
41.86976,2.3,b
41.86976,5.1214547,b
41.86976,4.8826833,b
174.32646,2.8297112,b
174.32646,1.1336969,b
174.32646,5.1214547,b
23.808033,2.8297112,b
37.01116,0.8835634,b
14.981539,1.4425417,b
26.225235,1.1,b
11.629268,2.3,b
59.29419,5.749885,b
/
135.3,5.749885,q
78.52916,5.1214547,q
40.3973,2.8297112,q
77.079506,4.8826833,q
44.1,2.39,q
102.1482,5.72,q
22.972454,1.3657699,q
23.808033,1.1336969,q
114.56877,5.2613125,q
18.545017,1.9185112,q
59.293438,4.2416945,q
134.5,5.1214547,b
134.5,5.72,b
135.3,4.2416945,b
135.3,2.8297112,b
78.52916,4.8826833,b
40.3973,5.749885,b
40.3973,2.39,b
40.3973,1.1336969,b
77.079506,5.1214547,b
44.1,2.8297112,b
44.1,1.3657699,b
89.8,4.8826833,b
89.8,5.72,b
206.96286,2.39,b
206.96286,1.3657699,b
184.5,5.749885,b
184.5,4.2416945,b
22.972454,2.39,b
105.65131,4.8826833,b
105.65131,2.8297112,b
105.65131,1.1336969,b
105.65131,5.2613125,b
105.65131,1.9185112,b
41.86976,5.1214547,b
41.86976,4.8826833,b
174.32646,2.8297112,b
174.32646,1.1336969,b
174.32646,5.1214547,b
23.808033,2.8297112,b
114.56877,1.9185112,b
18.545017,5.2613125,b
59.293438,5.749885,b
/
135.1,6.01,q
78.52916,5.1214547,q
40.3973,2.8297112,q
77.079506,4.8826833,q
44.1,2.39,q
101.44373,5.857153,q
22.88979,1.357145,q
23.808033,1.1336969,q
25.830479,1.398488,q
71.216125,4.488,q
16.941935,1.308,q
13.214821,2.1211038,q
130.3,5.1214547,b
130.3,5.857153,b
135.1,2.1211038,b
135.1,2.8297112,b
78.52916,4.8826833,b
40.3973,6.01,b
40.3973,2.39,b
40.3973,1.1336969,b
77.079506,5.1214547,b
44.1,2.8297112,b
44.1,1.357145,b
89.8,4.8826833,b
89.8,5.857153,b
207.08508,2.39,b
207.08508,1.357145,b
186.9,6.01,b
186.9,2.1211038,b
22.88979,2.39,b
106.7,4.8826833,b
106.7,2.8297112,b
106.7,1.1336969,b
106.7,1.398488,b
106.7,4.488,b
41.86976,5.1214547,b
41.86976,4.8826833,b
174.32646,2.8297112,b
174.32646,1.1336969,b
174.32646,5.1214547,b
23.808033,2.8297112,b
77.47984,1.308,b
25.830479,4.488,b
71.216125,1.398488,b
13.214821,6.01,b
/
135.1,6.01,q
78.52916,5.1214547,q
40.3973,2.8297112,q
77.079506,4.8826833,q
44.1,2.39,q
101.450745,5.858163,q
22.87668,1.3595461,q
23.808033,1.1336969,q
61.066666,4.528926,q
13.45,1.18,q
25.830479,1.398488,q
13.218164,2.1233802,q
130.3,5.1214547,b
130.3,5.858163,b
135.1,2.1233802,b
135.1,2.8297112,b
78.52916,4.8826833,b
40.3973,6.01,b
40.3973,2.39,b
40.3973,1.1336969,b
77.079506,5.1214547,b
44.1,2.8297112,b
44.1,1.3595461,b
89.8,4.8826833,b
89.8,5.858163,b
207.06812,2.39,b
207.06812,1.3595461,b
186.9,6.01,b
186.9,2.1233802,b
22.87668,2.39,b
106.7,4.8826833,b
106.7,2.8297112,b
106.7,1.1336969,b
106.7,4.528926,b
106.7,1.398488,b
41.86976,5.1214547,b
41.86976,4.8826833,b
174.32646,2.8297112,b
174.32646,1.1336969,b
174.32646,5.1214547,b
23.808033,2.8297112,b
77.47984,1.18,b
77.47984,4.528926,b
61.066666,1.398488,b
25.830479,4.528926,b
13.218164,6.01,b
/
135.1,6.01,q
78.52916,5.1214547,q
40.3973,2.8297112,q
77.079506,4.8826833,q
44.1,2.39,q
101.45073,5.858163,q
22.876682,1.3595462,q
23.808033,1.1336969,q
25.830479,1.398488,q
61.066666,4.528926,q
13.45,1.18,q
13.218167,2.1233804,q
130.3,5.1214547,b
130.3,5.858163,b
135.1,2.1233804,b
135.1,2.8297112,b
78.52916,4.8826833,b
40.3973,6.01,b
40.3973,2.39,b
40.3973,1.1336969,b
77.079506,5.1214547,b
44.1,2.8297112,b
44.1,1.3595462,b
89.8,4.8826833,b
89.8,5.858163,b
207.06812,2.39,b
207.06812,1.3595462,b
186.9,6.01,b
186.9,2.1233804,b
22.876682,2.39,b
106.7,4.8826833,b
106.7,2.8297112,b
106.7,1.1336969,b
106.7,1.398488,b
106.7,4.528926,b
41.86976,5.1214547,b
41.86976,4.8826833,b
174.32646,2.8297112,b
174.32646,1.1336969,b
174.32646,5.1214547,b
23.808033,2.8297112,b
77.47984,1.18,b
77.47984,4.528926,b
25.830479,4.528926,b
61.066666,1.398488,b
13.218167,6.01,b
/
135.1,6.01,q
78.52916,5.1214547,q
40.3973,2.8297112,q
77.079506,4.8826833,q
44.1,2.39,q
101.447754,5.8531737,q
22.872925,1.3640218,q
23.808033,1.1336969,q
129.85034,6.2578063,q
14.380503,1.8273587,q
18.545017,2.0333333,q
13.213957,2.1193395,q
130.3,5.1214547,b
130.3,5.8531737,b
135.1,2.1193395,b
135.1,2.8297112,b
78.52916,4.8826833,b
40.3973,6.01,b
40.3973,2.39,b
40.3973,1.1336969,b
77.079506,5.1214547,b
44.1,2.8297112,b
44.1,1.3640218,b
89.8,4.8826833,b
89.8,5.8531737,b
207.07413,2.39,b
207.07413,1.3640218,b
186.9,6.01,b
186.9,2.1193395,b
22.872925,2.39,b
105.65131,4.8826833,b
105.65131,2.8297112,b
105.65131,1.1336969,b
105.65131,6.2578063,b
105.65131,2.0333333,b
41.86976,5.1214547,b
41.86976,4.8826833,b
174.32646,2.8297112,b
174.32646,1.1336969,b
174.32646,5.1214547,b
23.808033,2.8297112,b
132.03557,1.8273587,b
129.85034,2.0333333,b
18.545017,6.2578063,b
13.213957,6.01,b
/
135.1,6.01,q
78.52916,5.1214547,q
40.3973,2.8297112,q
77.079506,4.8826833,q
44.1,2.39,q
101.447754,5.8531737,q
22.872925,1.3640218,q
23.808033,1.1336969,q
129.85034,6.2578063,q
14.380503,1.8273587,q
18.545017,2.0333333,q
13.213957,2.1193395,q
130.3,5.1214547,b
130.3,5.8531737,b
135.1,2.1193395,b
135.1,2.8297112,b
78.52916,4.8826833,b
40.3973,6.01,b
40.3973,2.39,b
40.3973,1.1336969,b
77.079506,5.1214547,b
44.1,2.8297112,b
44.1,1.3640218,b
89.8,4.8826833,b
89.8,5.8531737,b
207.07413,2.39,b
207.07413,1.3640218,b
186.9,6.01,b
186.9,2.1193395,b
22.872925,2.39,b
105.65131,4.8826833,b
105.65131,2.8297112,b
105.65131,1.1336969,b
105.65131,6.2578063,b
105.65131,2.0333333,b
41.86976,5.1214547,b
41.86976,4.8826833,b
174.32646,2.8297112,b
174.32646,1.1336969,b
174.32646,5.1214547,b
23.808033,2.8297112,b
132.03557,1.8273587,b
129.85034,2.0333333,b
18.545017,6.2578063,b
13.213957,6.01,b
/
37.2,2.8297112,q
35.10585,1.8816054,q
77.079506,4.8826833,q
55.9,2.8297112,q
44.1,2.39,q
105.8805,5.47,q
20.75,1.3187675,q
23.808033,1.1336969,q
129.85034,6.2578063,q
14.380503,1.8273587,q
18.545017,2.0333333,q
18.2,1.0307971,q
37.2,4.8826833,b
37.2,5.47,b
35.10585,1.0307971,b
35.10585,2.8297112,b
77.079506,2.8297112,b
77.079506,4.8826833,b
55.9,1.8816054,b
55.9,2.39,b
55.9,1.1336969,b
44.1,2.8297112,b
44.1,1.3187675,b
89.8,4.8826833,b
89.8,5.47,b
204.85,2.39,b
204.85,1.3187675,b
105.8805,2.8297112,b
159.44545,1.8816054,b
159.44545,1.0307971,b
20.75,2.39,b
105.65131,4.8826833,b
105.65131,2.8297112,b
105.65131,1.1336969,b
105.65131,6.2578063,b
105.65131,2.0333333,b
41.86976,4.8826833,b
174.32646,2.8297112,b
174.32646,1.1336969,b
174.32646,4.8826833,b
23.808033,2.8297112,b
132.03557,1.8273587,b
129.85034,2.0333333,b
18.545017,6.2578063,b
18.2,1.8816054,b
/
37.2,2.8297112,q
35.10585,1.8816054,q
77.079506,4.8826833,q
55.9,2.8297112,q
44.1,2.39,q
105.8805,5.47,q
20.75,1.3187399,q
23.808033,1.1336969,q
114.56877,5.2613125,q
18.545017,1.9185112,q
18.2,1.0307971,q
37.2,4.8826833,b
37.2,5.47,b
35.10585,1.0307971,b
35.10585,2.8297112,b
77.079506,2.8297112,b
77.079506,4.8826833,b
55.9,1.8816054,b
55.9,2.39,b
55.9,1.1336969,b
44.1,2.8297112,b
44.1,1.3187399,b
89.8,4.8826833,b
89.8,5.47,b
204.85,2.39,b
204.85,1.3187399,b
105.8805,2.8297112,b
159.44545,1.8816054,b
159.44545,1.0307971,b
20.75,2.39,b
105.65131,4.8826833,b
105.65131,2.8297112,b
105.65131,1.1336969,b
105.65131,5.2613125,b
105.65131,1.9185112,b
41.86976,4.8826833,b
174.32646,2.8297112,b
174.32646,1.1336969,b
174.32646,4.8826833,b
23.808033,2.8297112,b
114.56877,1.9185112,b
18.545017,5.2613125,b
18.2,1.8816054,b
/
37.2,2.8297112,q
35.10585,1.8816054,q
77.079506,4.8826833,q
55.9,2.8297112,q
44.1,2.39,q
105.8805,5.47,q
20.75,1.3137838,q
23.808033,1.1336969,q
33.47,2.35,q
15.678,0.968,q
18.2,1.0307971,q
37.2,4.8826833,b
37.2,5.47,b
35.10585,1.0307971,b
35.10585,2.8297112,b
77.079506,2.8297112,b
77.079506,4.8826833,b
55.9,1.8816054,b
55.9,2.39,b
55.9,1.1336969,b
44.1,2.8297112,b
44.1,1.3137838,b
89.8,4.8826833,b
89.8,5.47,b
204.85,2.39,b
204.85,1.3137838,b
105.8805,2.8297112,b
159.44545,1.8816054,b
159.44545,1.0307971,b
20.75,2.39,b
105.65131,4.8826833,b
105.65131,2.8297112,b
105.65131,1.1336969,b
105.65131,0.968,b
41.86976,2.35,b
41.86976,4.8826833,b
174.32646,2.8297112,b
174.32646,1.1336969,b
174.32646,4.8826833,b
23.808033,2.8297112,b
15.678,0.968,b
18.2,1.8816054,b
/
135.1,6.01,q
78.52916,5.1214547,q
40.3973,2.8297112,q
77.079506,4.8826833,q
44.1,2.39,q
101.44448,5.8518806,q
22.856022,1.3620751,q
23.808033,1.1336969,q
59.83,3.554357,q
15.33,1.2437851,q
129.85034,6.2578063,q
14.380503,1.8273587,q
18.545017,2.0333333,q
13.211141,2.1190252,q
130.3,5.1214547,b
130.3,5.8518806,b
135.1,2.1190252,b
135.1,2.8297112,b
78.52916,4.8826833,b
40.3973,6.01,b
40.3973,2.39,b
40.3973,1.1336969,b
77.079506,5.1214547,b
44.1,2.8297112,b
44.1,1.3620751,b
89.8,4.8826833,b
89.8,5.8518806,b
207.03824,2.39,b
207.03824,1.3620751,b
186.9,6.01,b
186.9,2.1190252,b
22.856022,2.39,b
105.65131,4.8826833,b
105.65131,2.8297112,b
105.65131,1.1336969,b
105.65131,3.554357,b
105.65131,6.2578063,b
105.65131,2.0333333,b
41.86976,5.1214547,b
41.86976,4.8826833,b
174.32646,2.8297112,b
174.32646,1.1336969,b
174.32646,5.1214547,b
23.808033,2.8297112,b
132.03557,1.8273587,b
129.85034,2.0333333,b
18.545017,6.2578063,b
13.211141,6.01,b
/
135.1,6.01,q
78.52916,5.1214547,q
40.3973,2.8297112,q
77.079506,4.8826833,q
44.1,2.39,q
101.44206,5.8558083,q
22.873455,1.3587216,q
23.808033,1.1336969,q
33.47,2.35,q
15.678,0.968,q
13.212555,2.1215978,q
130.3,5.1214547,b
130.3,5.8558083,b
135.1,2.1215978,b
135.1,2.8297112,b
78.52916,4.8826833,b
40.3973,6.01,b
40.3973,2.39,b
40.3973,1.1336969,b
77.079506,5.1214547,b
44.1,2.8297112,b
44.1,1.3587216,b
89.8,4.8826833,b
89.8,5.8558083,b
207.11148,2.39,b
207.11148,1.3587216,b
186.9,6.01,b
186.9,2.1215978,b
22.873455,2.39,b
105.65131,4.8826833,b
105.65131,2.8297112,b
105.65131,1.1336969,b
105.65131,0.968,b
41.86976,2.35,b
41.86976,5.1214547,b
41.86976,4.8826833,b
174.32646,2.8297112,b
174.32646,1.1336969,b
174.32646,5.1214547,b
23.808033,2.8297112,b
15.678,0.968,b
13.212555,6.01,b
/
114.56877,5.2613125,q
66.77,5.0525,q
74.33129,4.1861405,q
60.00741,2.36,q
77.079506,4.8826833,q
44.1,2.39,q
105.7,5.72,q
22.97832,1.3479722,q
23.808033,1.1336969,q
37.01116,2.3,q
14.981539,1.1,q
26.225235,1.4425417,q
11.629268,0.8835634,q
132.03557,4.1861405,b
132.03557,5.72,b
114.56877,5.0525,b
66.77,5.2613125,b
66.77,2.36,b
74.33129,4.8826833,b
60.00741,5.0525,b
60.00741,2.39,b
60.00741,1.1336969,b
77.079506,4.1861405,b
44.1,2.36,b
44.1,1.3479722,b
89.8,4.8826833,b
89.8,5.72,b
204.85,2.39,b
204.85,1.3479722,b
160.32428,5.2613125,b
160.32428,5.0525,b
22.97832,2.39,b
105.65131,4.8826833,b
105.65131,2.36,b
105.65131,1.1336969,b
105.65131,1.1,b
105.65131,1.4425417,b
41.86976,2.3,b
41.86976,4.1861405,b
41.86976,4.8826833,b
23.808033,2.36,b
180.5053,2.36,b
180.5053,1.1336969,b
37.01116,0.8835634,b
14.981539,1.4425417,b
26.225235,1.1,b
11.629268,2.3,b
/
135.1,6.01,q
78.52916,5.1214547,q
40.3973,2.8297112,q
77.079506,4.8826833,q
44.1,2.39,q
101.44206,5.8558083,q
22.873455,1.3587216,q
23.808033,1.1336969,q
33.47,2.35,q
15.678,0.968,q
13.212555,2.1215978,q
130.3,5.1214547,b
130.3,5.8558083,b
135.1,2.1215978,b
135.1,2.8297112,b
78.52916,4.8826833,b
40.3973,6.01,b
40.3973,2.39,b
40.3973,1.1336969,b
77.079506,5.1214547,b
44.1,2.8297112,b
44.1,1.3587216,b
89.8,4.8826833,b
89.8,5.8558083,b
207.11148,2.39,b
207.11148,1.3587216,b
186.9,6.01,b
186.9,2.1215978,b
22.873455,2.39,b
105.65131,4.8826833,b
105.65131,2.8297112,b
105.65131,1.1336969,b
105.65131,0.968,b
41.86976,2.35,b
41.86976,5.1214547,b
41.86976,4.8826833,b
174.32646,2.8297112,b
174.32646,1.1336969,b
174.32646,5.1214547,b
23.808033,2.8297112,b
15.678,0.968,b
13.212555,6.01,b
/
135.1,6.01,q
78.52916,5.1214547,q
40.3973,2.8297112,q
77.079506,4.8826833,q
44.1,2.39,q
101.442154,5.855914,q
22.874855,1.3582592,q
23.808033,1.1336969,q
37.01116,2.3,q
26.225235,1.4425417,q
11.629268,0.8835634,q
14.981539,1.1,q
13.2126875,2.121551,q
130.3,5.1214547,b
130.3,5.855914,b
135.1,2.121551,b
135.1,2.8297112,b
78.52916,4.8826833,b
40.3973,6.01,b
40.3973,2.39,b
40.3973,1.1336969,b
77.079506,5.1214547,b
44.1,2.8297112,b
44.1,1.3582592,b
89.8,4.8826833,b
89.8,5.855914,b
207.10898,2.39,b
207.10898,1.3582592,b
186.9,6.01,b
186.9,2.121551,b
22.874855,2.39,b
105.65131,4.8826833,b
105.65131,2.8297112,b
105.65131,1.1336969,b
105.65131,1.4425417,b
105.65131,1.1,b
41.86976,2.3,b
41.86976,5.1214547,b
41.86976,4.8826833,b
174.32646,2.8297112,b
174.32646,1.1336969,b
174.32646,5.1214547,b
23.808033,2.8297112,b
37.01116,0.8835634,b
26.225235,1.1,b
11.629268,2.3,b
14.981539,1.4425417,b
13.2126875,6.01,b
/
